pid,prs,histology,grade,sex,AGE,OS_DAYS,event,radio,chemo,idh,mgmt,batch,OS_MONTHS,male,idh_mut,mgmt_meth,q,entropy,dominant,dominance,p_MES,p_AC,p_OPC,p_NPC,platform
CGGA_1017,Primary,GBM,WHO IV,Female,29.0,768.0,1.0,1.0,0.0,Wildtype,un-methylated,mRNAseq_693,25.232032854209447,0.0,0.0,0.0,"(10.999, 43.0]",0.9125248981852416,NPC,0.38337647973108024,0.09978126861086263,0.1686073827956698,0.3482348688623874,0.38337647973108024,mRNAseq_693
CGGA_1036,Primary,GBM,WHO IV,Male,41.0,806.0,1.0,1.0,1.0,Wildtype,methylated,mRNAseq_693,26.480492813141684,1.0,0.0,1.0,"(10.999, 43.0]",0.9371433988771871,MES,0.40459316841053067,0.40459316841053067,0.12928741589748463,0.18420132781882467,0.2819180878731599,mRNAseq_693
CGGA_1041,Primary,GBM,WHO IV,Male,58.0,3593.0,0.0,1.0,1.0,Wildtype,un-methylated,mRNAseq_693,118.04517453798768,1.0,0.0,0.0,"(54.0, 60.0]",0.9094554143134516,OPC,0.37185891723672554,0.07769380834396618,0.20967495405366254,0.37185891723672554,0.34077232036564564,mRNAseq_693
CGGA_1075,Primary,GBM,WHO IV,Male,72.0,398.0,1.0,1.0,1.0,Wildtype,un-methylated,mRNAseq_693,13.075975359342916,1.0,0.0,0.0,"(60.0, 79.0]",0.9207939586759866,MES,0.42160050404233496,0.42160050404233496,0.2970703440348435,0.14217106858600387,0.13915808333681762,mRNAseq_693
CGGA_1086,Primary,GBM,WHO IV,Female,65.0,1977.0,1.0,1.0,1.0,Wildtype,methylated,mRNAseq_693,64.95277207392198,0.0,0.0,1.0,"(60.0, 79.0]",0.9618303767940823,MES,0.3944801629080735,0.3944801629080735,0.22798602379834984,0.1924310724199291,0.18510274087364748,mRNAseq_693
CGGA_1103,Primary,GBM,WHO IV,Female,35.0,585.0,1.0,1.0,1.0,Mutant,methylated,mRNAseq_693,19.21971252566735,0.0,1.0,1.0,"(10.999, 43.0]",0.8373395398130121,NPC,0.49183725408704204,0.07636104667020464,0.11748719792778378,0.31431450131496935,0.49183725408704204,mRNAseq_693
CGGA_1106,Primary,GBM,WHO IV,Male,37.0,420.0,1.0,1.0,0.0,Wildtype,methylated,mRNAseq_693,13.79876796714579,1.0,0.0,1.0,"(10.999, 43.0]",0.8441447610544424,MES,0.5378949185441697,0.5378949185441697,0.23062265786332167,0.1253382152638434,0.10614420832866514,mRNAseq_693
CGGA_1134,Primary,GBM,WHO IV,Female,56.0,59.0,1.0,0.0,1.0,Wildtype,methylated,mRNAseq_693,1.938398357289528,0.0,0.0,1.0,"(54.0, 60.0]",0.7034179801998761,MES,0.676267554238056,0.676267554238056,0.1455519129437179,0.08087291961261456,0.09730761320561175,mRNAseq_693
CGGA_1135,Primary,GBM,WHO IV,Male,40.0,1244.0,1.0,1.0,1.0,Wildtype,un-methylated,mRNAseq_693,40.87063655030801,1.0,0.0,0.0,"(10.999, 43.0]",0.9272453644437375,AC,0.39113201570639766,0.326430808750154,0.39113201570639766,0.14333221720987133,0.139104958333577,mRNAseq_693
CGGA_1138,Primary,GBM,WHO IV,Male,54.0,411.0,1.0,1.0,1.0,Wildtype,un-methylated,mRNAseq_693,13.503080082135524,1.0,0.0,0.0,"(43.0, 54.0]",0.8991237743825105,NPC,0.48853366338250137,0.15367920215915612,0.21434499538782198,0.14344213907052056,0.48853366338250137,mRNAseq_693
CGGA_1142,Primary,GBM,WHO IV,Male,60.0,1005.0,1.0,1.0,1.0,Wildtype,un-methylated,mRNAseq_693,33.01848049281314,1.0,0.0,0.0,"(54.0, 60.0]",0.9750214370634701,AC,0.3265409596580581,0.30016835937963526,0.3265409596580581,0.16932698854299344,0.2039636924193132,mRNAseq_693
CGGA_1172,Primary,GBM,WHO IV,Female,36.0,3131.0,0.0,1.0,1.0,Mutant,methylated,mRNAseq_693,102.86652977412732,0.0,1.0,1.0,"(10.999, 43.0]",0.9771320459436277,AC,0.32517133752803756,0.15530434154063025,0.32517133752803756,0.2678640575100019,0.2516602634213304,mRNAseq_693
CGGA_1236,Primary,GBM,WHO IV,Female,47.0,191.0,1.0,0.0,0.0,Wildtype,methylated,mRNAseq_693,6.275154004106776,0.0,0.0,1.0,"(43.0, 54.0]",0.8883877876774691,OPC,0.49326156129922044,0.10751929003448983,0.1950450968597567,0.49326156129922044,0.204174051806533,mRNAseq_693
CGGA_1256,Primary,GBM,WHO IV,Female,52.0,2557.0,0.0,1.0,1.0,,methylated,mRNAseq_693,84.0082135523614,0.0,,1.0,"(43.0, 54.0]",0.9857737601572981,AC,0.33755693989150726,0.21052854479090444,0.33755693989150726,0.23324271697113022,0.2186717983464582,mRNAseq_693
CGGA_1282,Primary,GBM,WHO IV,Female,33.0,1116.0,1.0,1.0,1.0,Wildtype,un-methylated,mRNAseq_693,36.6652977412731,0.0,0.0,0.0,"(10.999, 43.0]",0.9504129198576254,AC,0.41785546647766286,0.20948266991117725,0.41785546647766286,0.19758541824976247,0.17507644536139738,mRNAseq_693
CGGA_1326,Primary,GBM,WHO IV,Male,45.0,322.0,1.0,1.0,0.0,Mutant,un-methylated,mRNAseq_693,10.57905544147844,1.0,1.0,0.0,"(43.0, 54.0]",0.9809847377835824,AC,0.33094673265006025,0.2094642372338691,0.33094673265006025,0.1836750451018822,0.2759139850141884,mRNAseq_693
CGGA_1353,Primary,GBM,WHO IV,Male,65.0,1022.0,1.0,1.0,1.0,Wildtype,un-methylated,mRNAseq_693,33.57700205338809,1.0,0.0,0.0,"(60.0, 79.0]",0.9683176465025032,MES,0.3313239364040473,0.3313239364040473,0.3139080150964924,0.1648443171100822,0.18992373138937804,mRNAseq_693
CGGA_1354,Primary,GBM,WHO IV,Female,40.0,530.0,1.0,1.0,1.0,Wildtype,methylated,mRNAseq_693,17.412731006160165,0.0,0.0,1.0,"(10.999, 43.0]",0.9711358934104427,AC,0.3538841168317278,0.26949058725230285,0.3538841168317278,0.2140351573312712,0.16259013858469817,mRNAseq_693
CGGA_1365,Primary,GBM,WHO IV,Male,55.0,253.0,1.0,1.0,1.0,Wildtype,methylated,mRNAseq_693,8.31211498973306,1.0,0.0,1.0,"(54.0, 60.0]",0.9453167664251644,NPC,0.35768040745936747,0.3207117487055927,0.12145429477261808,0.20015354906242167,0.35768040745936747,mRNAseq_693
CGGA_1371,Primary,GBM,WHO IV,Male,68.0,2791.0,0.0,1.0,1.0,Wildtype,methylated,mRNAseq_693,91.69609856262834,1.0,0.0,1.0,"(60.0, 79.0]",0.838896014737068,MES,0.5054496564415989,0.5054496564415989,0.29620554218623585,0.10727557020911507,0.09106923116305014,mRNAseq_693
CGGA_1378,Primary,GBM,WHO IV,Male,47.0,378.0,1.0,1.0,1.0,Wildtype,un-methylated,mRNAseq_693,12.41889117043121,1.0,0.0,0.0,"(43.0, 54.0]",0.9270973199500702,OPC,0.4203627382508064,0.15241895111994416,0.1409033176222995,0.4203627382508064,0.28631499300695,mRNAseq_693
CGGA_1380,Primary,GBM,WHO IV,Male,46.0,291.0,1.0,1.0,1.0,Wildtype,methylated,mRNAseq_693,9.560574948665298,1.0,0.0,1.0,"(43.0, 54.0]",0.9603840735211476,OPC,0.37551165718828866,0.14520011619566967,0.25743101163019017,0.37551165718828866,0.2218572149858514,mRNAseq_693
CGGA_1382,Primary,GBM,WHO IV,Male,57.0,284.0,1.0,1.0,1.0,Wildtype,methylated,mRNAseq_693,9.3305954825462,1.0,0.0,1.0,"(54.0, 60.0]",0.975832193249174,AC,0.3243960236232013,0.15117065585297423,0.3243960236232013,0.25976070835111764,0.2646726121727067,mRNAseq_693
CGGA_139,Primary,GBM,WHO IV,Male,59.0,694.0,1.0,1.0,1.0,Mutant,un-methylated,mRNAseq_693,22.80082135523614,1.0,1.0,0.0,"(54.0, 60.0]",0.888230137363118,NPC,0.4581519501089769,0.10198019362285077,0.14616297014607638,0.29370488612209594,0.4581519501089769,mRNAseq_693
CGGA_1391,Primary,GBM,WHO IV,Male,62.0,426.0,0.0,1.0,1.0,Wildtype,un-methylated,mRNAseq_693,13.9958932238193,1.0,0.0,0.0,"(60.0, 79.0]",0.965104143663021,MES,0.35443485088516835,0.35443485088516835,0.2917200580130083,0.19559755934679132,0.15824753175503206,mRNAseq_693
CGGA_1392,Primary,GBM,WHO IV,Male,62.0,473.0,1.0,1.0,1.0,Wildtype,un-methylated,mRNAseq_693,15.540041067761807,1.0,0.0,0.0,"(60.0, 79.0]",0.9888750289824166,MES,0.3095205884840799,0.3095205884840799,0.22437439512401042,0.27129640980233044,0.1948086065895793,mRNAseq_693
CGGA_1402,Primary,GBM,WHO IV,Male,30.0,2742.0,0.0,1.0,1.0,Wildtype,methylated,mRNAseq_693,90.08624229979466,1.0,0.0,1.0,"(10.999, 43.0]",0.8926614478820561,MES,0.44053665990915536,0.44053665990915536,0.3140667267712915,0.13920899016831245,0.10618762315124085,mRNAseq_693
CGGA_1403,Primary,GBM,WHO IV,Female,43.0,679.0,1.0,1.0,1.0,Wildtype,methylated,mRNAseq_693,22.308008213552363,0.0,0.0,1.0,"(10.999, 43.0]",0.933919455644501,OPC,0.4353318664322354,0.15150044014523786,0.1750015257688554,0.4353318664322354,0.2381661676536713,mRNAseq_693
CGGA_1410,Primary,GBM,WHO IV,Female,27.0,825.0,1.0,1.0,1.0,Wildtype,methylated,mRNAseq_693,27.1047227926078,0.0,0.0,1.0,"(10.999, 43.0]",0.9378902676007674,NPC,0.4110974176253533,0.13158229326017623,0.2682591556329865,0.18906113348148393,0.4110974176253533,mRNAseq_693
CGGA_1418,Primary,GBM,WHO IV,Female,73.0,287.0,1.0,1.0,1.0,Wildtype,un-methylated,mRNAseq_693,9.429158110882955,0.0,0.0,0.0,"(60.0, 79.0]",0.9451440880843852,OPC,0.34590167163272323,0.2059203238589874,0.11759010831435825,0.34590167163272323,0.33058789619393114,mRNAseq_693
CGGA_1420,Primary,GBM,WHO IV,Male,60.0,364.0,1.0,1.0,1.0,Wildtype,methylated,mRNAseq_693,11.958932238193018,1.0,0.0,1.0,"(54.0, 60.0]",0.977740423602007,NPC,0.3372856889539159,0.163740102994164,0.24301454996359154,0.25595965808832855,0.3372856889539159,mRNAseq_693
CGGA_1422,Primary,GBM,WHO IV,Male,76.0,204.0,1.0,1.0,1.0,Wildtype,un-methylated,mRNAseq_693,6.702258726899384,1.0,0.0,0.0,"(60.0, 79.0]",0.9733707524996291,MES,0.369829609322208,0.369829609322208,0.23265901016784435,0.1998181014831759,0.19769327902677178,mRNAseq_693
CGGA_1425,Primary,GBM,WHO IV,Female,22.0,640.0,1.0,1.0,1.0,Wildtype,methylated,mRNAseq_693,21.026694045174537,0.0,0.0,1.0,"(10.999, 43.0]",0.9311940497968731,OPC,0.39050947493957644,0.09771983664651765,0.23906053839590044,0.39050947493957644,0.2727101500180056,mRNAseq_693
CGGA_1426,Primary,GBM,WHO IV,Female,50.0,133.0,1.0,1.0,1.0,Wildtype,un-methylated,mRNAseq_693,4.369609856262834,0.0,0.0,0.0,"(43.0, 54.0]",0.961253415912947,NPC,0.34638451320573266,0.14597191448784086,0.19976742105032388,0.3078761512561026,0.34638451320573266,mRNAseq_693
CGGA_1433,Primary,GBM,WHO IV,Female,72.0,394.0,1.0,1.0,1.0,Wildtype,un-methylated,mRNAseq_693,12.944558521560577,0.0,0.0,0.0,"(60.0, 79.0]",0.938181186420429,AC,0.3500464223271569,0.3446880372591388,0.3500464223271569,0.18696995976815892,0.11829558064554535,mRNAseq_693
CGGA_1441,Primary,GBM,WHO IV,Male,70.0,1882.0,1.0,1.0,1.0,Wildtype,methylated,mRNAseq_693,61.831622176591374,1.0,0.0,1.0,"(60.0, 79.0]",0.8099019538762335,MES,0.5490409810340984,0.5490409810340984,0.2625009716190367,0.1100556469347561,0.07840240041210883,mRNAseq_693
CGGA_1444,Primary,GBM,WHO IV,Female,68.0,378.0,1.0,1.0,1.0,Wildtype,methylated,mRNAseq_693,12.41889117043121,0.0,0.0,1.0,"(60.0, 79.0]",0.906688686579138,OPC,0.4433465403015467,0.1227583406639068,0.1451608923653312,0.4433465403015467,0.2887342266692152,mRNAseq_693
CGGA_1451,Primary,GBM,WHO IV,Female,45.0,438.0,1.0,1.0,1.0,Wildtype,un-methylated,mRNAseq_693,14.390143737166325,0.0,0.0,0.0,"(43.0, 54.0]",0.946458141744463,MES,0.3719924232957704,0.3719924232957704,0.3145779470125385,0.16548878086170102,0.1479408488299901,mRNAseq_693
CGGA_1452,Primary,GBM,WHO IV,Male,53.0,468.0,1.0,1.0,1.0,Wildtype,methylated,mRNAseq_693,15.37577002053388,1.0,0.0,1.0,"(43.0, 54.0]",0.9702104816951688,MES,0.35007481494594817,0.35007481494594817,0.1934525131919605,0.2856788547262933,0.17079381713579792,mRNAseq_693
CGGA_1457,Primary,GBM,WHO IV,Male,60.0,312.0,1.0,1.0,1.0,Wildtype,methylated,mRNAseq_693,10.250513347022586,1.0,0.0,1.0,"(54.0, 60.0]",0.9904374683537045,MES,0.30912592377119735,0.30912592377119735,0.19830970664663752,0.26155357035879867,0.23101079922336645,mRNAseq_693
CGGA_1461,Primary,GBM,WHO IV,Female,60.0,226.0,1.0,1.0,1.0,Wildtype,un-methylated,mRNAseq_693,7.425051334702259,0.0,0.0,0.0,"(54.0, 60.0]",0.9072912917022191,AC,0.47418708754214983,0.22157732552035853,0.47418708754214983,0.1729537573929548,0.13128182954453682,mRNAseq_693
CGGA_1462,Primary,GBM,WHO IV,Male,49.0,174.0,1.0,1.0,1.0,Wildtype,methylated,mRNAseq_693,5.716632443531828,1.0,0.0,1.0,"(43.0, 54.0]",0.979977019441166,MES,0.3450068083584781,0.3450068083584781,0.25464129475032343,0.18653914150951828,0.21381275538168018,mRNAseq_693
CGGA_1467,Primary,GBM,WHO IV,Male,58.0,866.0,1.0,1.0,0.0,Mutant,un-methylated,mRNAseq_693,28.4517453798768,1.0,1.0,0.0,"(54.0, 60.0]",0.8515235787268706,OPC,0.41412584992864804,0.0799625364525526,0.11295661614398825,0.41412584992864804,0.39295499747481116,mRNAseq_693
CGGA_1472,Primary,GBM,WHO IV,Male,34.0,1025.0,1.0,0.0,0.0,,methylated,mRNAseq_693,33.67556468172484,1.0,,1.0,"(10.999, 43.0]",0.9658588168780454,OPC,0.33091898180929175,0.16013399107416498,0.1893728878677765,0.33091898180929175,0.3195741392487668,mRNAseq_693
CGGA_1476,Primary,GBM,WHO IV,Female,53.0,299.0,1.0,0.0,0.0,Wildtype,methylated,mRNAseq_693,9.82340862422998,0.0,0.0,1.0,"(43.0, 54.0]",0.9514494630314145,AC,0.3867926342326646,0.14524043847691212,0.3867926342326646,0.278074814418508,0.1898921128719154,mRNAseq_693
CGGA_1478,Primary,GBM,WHO IV,Female,72.0,542.0,1.0,1.0,1.0,Wildtype,methylated,mRNAseq_693,17.806981519507186,0.0,0.0,1.0,"(60.0, 79.0]",0.9708947086782649,AC,0.3730122253765046,0.23093194791595612,0.3730122253765046,0.21642276371319025,0.17963306299434914,mRNAseq_693
CGGA_1481,Primary,GBM,WHO IV,Male,55.0,131.0,1.0,0.0,0.0,Wildtype,methylated,mRNAseq_693,4.303901437371663,1.0,0.0,1.0,"(54.0, 60.0]",0.9532891560460882,MES,0.4106014584256456,0.4106014584256456,0.20498805966122974,0.21530334769826048,0.16910713421486415,mRNAseq_693
CGGA_1486,Primary,GBM,WHO IV,Male,45.0,184.0,1.0,1.0,1.0,Wildtype,methylated,mRNAseq_693,6.04517453798768,1.0,0.0,1.0,"(43.0, 54.0]",0.9793948564222152,MES,0.3515813142752272,0.3515813142752272,0.24547299792930435,0.20652199661811158,0.19642369117735667,mRNAseq_693
CGGA_1491,Primary,GBM,WHO IV,Male,29.0,246.0,1.0,1.0,1.0,Mutant,un-methylated,mRNAseq_693,8.082135523613964,1.0,1.0,0.0,"(10.999, 43.0]",0.9725465671724073,AC,0.34158340535922177,0.15207242506737925,0.34158340535922177,0.2660107926289538,0.2403333769444452,mRNAseq_693
CGGA_1494,Primary,GBM,WHO IV,Male,21.0,269.0,1.0,1.0,1.0,Wildtype,methylated,mRNAseq_693,8.837782340862423,1.0,0.0,1.0,"(10.999, 43.0]",0.9898534424771578,NPC,0.3206694258352878,0.20819567072106573,0.24460845694534622,0.22652644649830017,0.3206694258352878,mRNAseq_693
CGGA_1500,Primary,GBM,WHO IV,Female,45.0,108.0,1.0,1.0,1.0,Wildtype,un-methylated,mRNAseq_693,3.5482546201232035,0.0,0.0,0.0,"(43.0, 54.0]",0.9767697441093246,AC,0.32519945120151134,0.1566294480464191,0.32519945120151134,0.27827699279877827,0.2398941079532912,mRNAseq_693
CGGA_1501,Primary,GBM,WHO IV,Male,58.0,222.0,1.0,1.0,1.0,,methylated,mRNAseq_693,7.293634496919918,1.0,,1.0,"(54.0, 60.0]",0.9665249993864646,OPC,0.37038818860205236,0.17095655913879346,0.1943084646304524,0.37038818860205236,0.26434678762870184,mRNAseq_693
CGGA_1503,Primary,GBM,WHO IV,Male,47.0,777.0,1.0,1.0,1.0,Wildtype,un-methylated,mRNAseq_693,25.527720739219717,1.0,0.0,0.0,"(43.0, 54.0]",0.9137602833457988,MES,0.47633763022600184,0.47633763022600184,0.1725263092850602,0.1655632753765999,0.18557278511233813,mRNAseq_693
CGGA_1521,Primary,GBM,WHO IV,Female,63.0,205.0,1.0,1.0,1.0,Wildtype,methylated,mRNAseq_693,6.7351129363449695,0.0,0.0,1.0,"(60.0, 79.0]",0.965314150312922,AC,0.3871718420476351,0.22688069671337535,0.3871718420476351,0.20436670672135812,0.1815807545176314,mRNAseq_693
CGGA_1529,Primary,GBM,WHO IV,Male,63.0,583.0,1.0,,,Wildtype,un-methylated,mRNAseq_693,19.15400410677618,1.0,0.0,0.0,"(60.0, 79.0]",0.9103831383784122,OPC,0.4295387135382578,0.09861030636930701,0.18558556335788856,0.4295387135382578,0.28626541673454675,mRNAseq_693
CGGA_1534,Primary,GBM,WHO IV,Female,58.0,27.0,1.0,0.0,0.0,Mutant,un-methylated,mRNAseq_693,0.8870636550308009,0.0,1.0,0.0,"(54.0, 60.0]",0.9197858173935233,OPC,0.39480116378929914,0.09491024457965493,0.19926702866927992,0.39480116378929914,0.31102156296176603,mRNAseq_693
CGGA_1537,Primary,GBM,WHO IV,Male,73.0,97.0,1.0,0.0,0.0,Wildtype,methylated,mRNAseq_693,3.186858316221766,1.0,0.0,1.0,"(60.0, 79.0]",0.9250713106346017,MES,0.3693278292451772,0.3693278292451772,0.35433380045982116,0.14028492408235133,0.13605344621265028,mRNAseq_693
CGGA_1539,Primary,GBM,WHO IV,Male,61.0,2462.0,0.0,1.0,1.0,Mutant,methylated,mRNAseq_693,80.8870636550308,1.0,1.0,1.0,"(60.0, 79.0]",0.921511318133545,OPC,0.3701781337859138,0.07809005470057924,0.27214881765154886,0.3701781337859138,0.2795829938619582,mRNAseq_693
CGGA_1542,Primary,GBM,WHO IV,Male,26.0,184.0,0.0,1.0,1.0,Mutant,un-methylated,mRNAseq_693,6.04517453798768,1.0,1.0,0.0,"(10.999, 43.0]",0.9630967058791139,OPC,0.358949315007012,0.13786554140065493,0.24487446106382596,0.358949315007012,0.25831068252850703,mRNAseq_693
CGGA_1543,Primary,GBM,WHO IV,Male,57.0,723.0,1.0,1.0,0.0,Mutant,un-methylated,mRNAseq_693,23.753593429158112,1.0,1.0,0.0,"(54.0, 60.0]",0.9946684236055648,AC,0.2773893941291365,0.27382101866913816,0.2773893941291365,0.20257354436925742,0.24621604283246787,mRNAseq_693
CGGA_1546,Primary,GBM,WHO IV,Male,56.0,223.0,1.0,0.0,1.0,Wildtype,un-methylated,mRNAseq_693,7.326488706365503,1.0,0.0,0.0,"(54.0, 60.0]",0.7171914192504346,MES,0.6573010529716362,0.6573010529716362,0.17765947985734143,0.08729139614723135,0.07774807102379097,mRNAseq_693
CGGA_1548,Primary,GBM,WHO IV,Male,53.0,1054.0,1.0,1.0,1.0,Wildtype,un-methylated,mRNAseq_693,34.62833675564682,1.0,0.0,0.0,"(43.0, 54.0]",0.9753448745012964,AC,0.31930097258474255,0.3095351848093535,0.31930097258474255,0.17568129833152765,0.19548254427437625,mRNAseq_693
CGGA_1551,Primary,GBM,WHO IV,Female,50.0,347.0,1.0,1.0,1.0,,un-methylated,mRNAseq_693,11.40041067761807,0.0,,0.0,"(43.0, 54.0]",0.6315786103528563,MES,0.7261346984035386,0.7261346984035386,0.13100253453873403,0.07421744646895871,0.06864532058876861,mRNAseq_693
CGGA_1559,Primary,GBM,WHO IV,Male,63.0,603.0,1.0,0.0,1.0,Mutant,methylated,mRNAseq_693,19.811088295687885,1.0,1.0,1.0,"(60.0, 79.0]",0.936975673401405,NPC,0.35094128556347925,0.11073988484795014,0.198501803341506,0.33981702624706467,0.35094128556347925,mRNAseq_693
CGGA_1560,Primary,GBM,WHO IV,Female,35.0,459.0,1.0,1.0,1.0,Mutant,methylated,mRNAseq_693,15.080082135523616,0.0,1.0,1.0,"(10.999, 43.0]",0.9697163288966205,AC,0.3160046194417078,0.13745628760755682,0.3160046194417078,0.29366017012104895,0.25287892282968644,mRNAseq_693
CGGA_1564,Primary,GBM,WHO IV,Male,48.0,190.0,1.0,1.0,1.0,Wildtype,un-methylated,mRNAseq_693,6.242299794661191,1.0,0.0,0.0,"(43.0, 54.0]",0.9536903539554927,NPC,0.40385078982096784,0.15552179677726072,0.223265057211907,0.21736235618986433,0.40385078982096784,mRNAseq_693
CGGA_1571,Primary,GBM,WHO IV,Female,43.0,412.0,0.0,1.0,1.0,Mutant,methylated,mRNAseq_693,13.535934291581109,0.0,1.0,1.0,"(10.999, 43.0]",0.936717154718873,NPC,0.35663196440941436,0.1006373034688433,0.22458613527103688,0.3181445968507055,0.35663196440941436,mRNAseq_693
CGGA_1586,Primary,GBM,WHO IV,Female,55.0,232.0,1.0,1.0,1.0,Wildtype,un-methylated,mRNAseq_693,7.62217659137577,0.0,0.0,0.0,"(54.0, 60.0]",0.8212912788299228,MES,0.5805356898380661,0.5805356898380661,0.15761086296649307,0.12114868801818708,0.14070475917725367,mRNAseq_693
CGGA_1595,Primary,GBM,WHO IV,Female,34.0,2363.0,0.0,1.0,1.0,,un-methylated,mRNAseq_693,77.63449691991786,0.0,,0.0,"(10.999, 43.0]",0.8819739768770974,NPC,0.4915369588400766,0.10893213167098804,0.1522358721884141,0.24729503730052127,0.4915369588400766,mRNAseq_693
CGGA_1596,Primary,GBM,WHO IV,Male,63.0,205.0,1.0,1.0,1.0,Wildtype,methylated,mRNAseq_693,6.7351129363449695,1.0,0.0,1.0,"(60.0, 79.0]",0.9363482718171862,NPC,0.42088275093801375,0.12630568051470145,0.23181132474865343,0.2210002437986313,0.42088275093801375,mRNAseq_693
CGGA_1597,Primary,GBM,WHO IV,Male,58.0,174.0,1.0,1.0,0.0,Wildtype,methylated,mRNAseq_693,5.716632443531828,1.0,0.0,1.0,"(54.0, 60.0]",0.9967060944546491,AC,0.273938850001798,0.2494166393225042,0.273938850001798,0.2645861483470708,0.212058362328627,mRNAseq_693
CGGA_1601,Primary,GBM,WHO IV,Male,66.0,710.0,1.0,1.0,1.0,Wildtype,methylated,mRNAseq_693,23.326488706365502,1.0,0.0,1.0,"(60.0, 79.0]",0.9477894647514357,MES,0.411813613223051,0.411813613223051,0.2160023751388169,0.14696512405528864,0.2252188875828435,mRNAseq_693
CGGA_1612,Primary,GBM,WHO IV,Male,68.0,718.0,1.0,1.0,1.0,Wildtype,un-methylated,mRNAseq_693,23.589322381930184,1.0,0.0,0.0,"(60.0, 79.0]",0.8837044249956785,MES,0.4990155913704291,0.4990155913704291,0.23267034921043386,0.1318756990184217,0.1364383604007154,mRNAseq_693
CGGA_1613,Primary,GBM,WHO IV,Male,53.0,250.0,0.0,1.0,1.0,Wildtype,methylated,mRNAseq_693,8.213552361396303,1.0,0.0,1.0,"(43.0, 54.0]",0.9202830720996983,MES,0.4536000693032542,0.4536000693032542,0.17871870475635063,0.13472009113791794,0.23296113480247724,mRNAseq_693
CGGA_1626,Primary,GBM,WHO IV,Male,66.0,696.0,1.0,1.0,1.0,Wildtype,un-methylated,mRNAseq_693,22.86652977412731,1.0,0.0,0.0,"(60.0, 79.0]",0.9556052001219045,MES,0.4028954662312338,0.4028954662312338,0.23316037411185642,0.1676603153380836,0.19628384431882623,mRNAseq_693
CGGA_1634,Primary,GBM,WHO IV,Female,26.0,366.0,1.0,0.0,0.0,Wildtype,methylated,mRNAseq_693,12.02464065708419,0.0,0.0,1.0,"(10.999, 43.0]",0.9939315372151896,MES,0.3016091474266356,0.3016091474266356,0.21613309017848756,0.2540691446430033,0.22818861775187357,mRNAseq_693
CGGA_1635,Primary,GBM,WHO IV,Female,43.0,332.0,1.0,1.0,1.0,Wildtype,un-methylated,mRNAseq_693,10.907597535934292,0.0,0.0,0.0,"(10.999, 43.0]",0.9157269570954231,OPC,0.4090377598644552,0.11195728007583747,0.16142102343515713,0.4090377598644552,0.3175839366245502,mRNAseq_693
CGGA_1644,Primary,GBM,WHO IV,Male,48.0,173.0,1.0,1.0,1.0,Wildtype,methylated,mRNAseq_693,5.683778234086242,1.0,0.0,1.0,"(43.0, 54.0]",0.9249309321528537,MES,0.4413635293144643,0.4413635293144643,0.25344786049225604,0.14491425507639488,0.1602743551168847,mRNAseq_693
CGGA_1650,Primary,GBM,WHO IV,Male,36.0,1283.0,1.0,1.0,1.0,Mutant,methylated,mRNAseq_693,42.15195071868583,1.0,1.0,1.0,"(10.999, 43.0]",0.8537153890701411,OPC,0.5003750135508326,0.09369592680139807,0.1232750481029962,0.5003750135508326,0.2826540115447732,mRNAseq_693
CGGA_1666,Primary,GBM,WHO IV,Male,60.0,249.0,1.0,1.0,1.0,Wildtype,methylated,mRNAseq_693,8.180698151950718,1.0,0.0,1.0,"(54.0, 60.0]",0.9620443304057309,MES,0.3943860490088771,0.3943860490088771,0.20985703652301962,0.17754778161688145,0.21820913285122184,mRNAseq_693
CGGA_1678,Primary,GBM,WHO IV,Male,51.0,657.0,1.0,1.0,1.0,Wildtype,methylated,mRNAseq_693,21.58521560574949,1.0,0.0,1.0,"(43.0, 54.0]",0.9557870310189343,MES,0.3646839636880562,0.3646839636880562,0.3042909004855548,0.15826471881082843,0.17276041701556064,mRNAseq_693
CGGA_1681,Primary,GBM,WHO IV,Female,58.0,346.0,1.0,1.0,1.0,Wildtype,methylated,mRNAseq_693,11.367556468172484,0.0,0.0,1.0,"(54.0, 60.0]",0.9550552792941513,MES,0.3736239847487451,0.3736239847487451,0.2879367530324434,0.193821398382916,0.1446178638358953,mRNAseq_693
CGGA_1687,Primary,GBM,WHO IV,Male,14.0,2118.0,0.0,1.0,1.0,Wildtype,un-methylated,mRNAseq_693,69.58521560574948,1.0,0.0,0.0,"(10.999, 43.0]",0.8707096237700627,MES,0.5121840170547399,0.5121840170547399,0.23077723845535109,0.11522759033980937,0.1418111541500996,mRNAseq_693
CGGA_1690,Primary,GBM,WHO IV,Male,60.0,592.0,1.0,1.0,1.0,Wildtype,un-methylated,mRNAseq_693,19.449691991786448,1.0,0.0,0.0,"(54.0, 60.0]",0.9749350165498505,OPC,0.34441195221466436,0.2513433814739694,0.15963962677941937,0.34441195221466436,0.2446050395319469,mRNAseq_693
CGGA_1694,Primary,GBM,WHO IV,Male,55.0,624.0,1.0,1.0,1.0,Wildtype,un-methylated,mRNAseq_693,20.501026694045173,1.0,0.0,0.0,"(54.0, 60.0]",0.9504856532869673,MES,0.34873920345048254,0.34873920345048254,0.33048073640988485,0.18118946434540265,0.13959059579422992,mRNAseq_693
CGGA_1698,Primary,GBM,WHO IV,Female,55.0,388.0,1.0,0.0,0.0,Wildtype,methylated,mRNAseq_693,12.747433264887064,0.0,0.0,1.0,"(54.0, 60.0]",0.9801341440834515,MES,0.3316951641454997,0.3316951641454997,0.2800019903964716,0.1880979862348021,0.2002048592232265,mRNAseq_693
CGGA_1699,Primary,GBM,WHO IV,Female,41.0,2088.0,0.0,0.0,1.0,Mutant,un-methylated,mRNAseq_693,68.59958932238193,0.0,1.0,0.0,"(10.999, 43.0]",0.881893610599521,NPC,0.4019322363449518,0.08573521811242683,0.14258733165258416,0.3697452138900372,0.4019322363449518,mRNAseq_693
CGGA_1706,Primary,GBM,WHO IV,Male,60.0,2068.0,0.0,1.0,1.0,Wildtype,,mRNAseq_693,67.94250513347022,1.0,0.0,,"(54.0, 60.0]",0.6094735724122831,MES,0.7427598859543049,0.7427598859543049,0.11430411882515698,0.08001564603082645,0.0629203491897117,mRNAseq_693
CGGA_1708,Primary,GBM,WHO IV,Female,54.0,1122.0,1.0,1.0,1.0,Wildtype,methylated,mRNAseq_693,36.86242299794661,0.0,0.0,1.0,"(43.0, 54.0]",0.75778378317075,MES,0.6280895264994538,0.6280895264994538,0.1653488328212769,0.07449299764015017,0.13206864303911914,mRNAseq_693
CGGA_1709,Primary,GBM,WHO IV,Male,47.0,415.0,1.0,1.0,1.0,Wildtype,un-methylated,mRNAseq_693,13.634496919917863,1.0,0.0,0.0,"(43.0, 54.0]",0.9954610117411042,NPC,0.2835826971870518,0.21110939856263655,0.23751108902103016,0.26779681522928145,0.2835826971870518,mRNAseq_693
CGGA_1713,Primary,GBM,WHO IV,Male,62.0,332.0,1.0,1.0,1.0,Wildtype,methylated,mRNAseq_693,10.907597535934292,1.0,0.0,1.0,"(60.0, 79.0]",0.9171461182177834,NPC,0.38632807593055396,0.14697359579407882,0.1204711522041283,0.34622717607123893,0.38632807593055396,mRNAseq_693
CGGA_1722,Primary,GBM,WHO IV,Female,60.0,349.0,1.0,1.0,1.0,Wildtype,un-methylated,mRNAseq_693,11.46611909650924,0.0,0.0,0.0,"(54.0, 60.0]",0.9635875817628767,MES,0.3871800276818727,0.3871800276818727,0.1702076129500415,0.21068337671090961,0.23192898265717612,mRNAseq_693
CGGA_1727,Primary,GBM,WHO IV,Male,48.0,1980.0,0.0,1.0,1.0,Mutant,un-methylated,mRNAseq_693,65.05133470225873,1.0,1.0,0.0,"(43.0, 54.0]",0.9705620238474081,AC,0.33066002553708507,0.14282764405617335,0.33066002553708507,0.28028486173337563,0.24622746867336603,mRNAseq_693
CGGA_1728,Primary,GBM,WHO IV,Male,45.0,917.0,1.0,1.0,1.0,Mutant,un-methylated,mRNAseq_693,30.127310061601644,1.0,1.0,0.0,"(43.0, 54.0]",0.953676377767616,NPC,0.3940017598980774,0.144974757318805,0.21254276829344976,0.2484807144896678,0.3940017598980774,mRNAseq_693
CGGA_1735,Primary,GBM,WHO IV,Male,54.0,813.0,1.0,1.0,1.0,Wildtype,un-methylated,mRNAseq_693,26.71047227926078,1.0,0.0,0.0,"(43.0, 54.0]",0.9166262851088979,OPC,0.37259695866705816,0.09134105434472523,0.1925681216533947,0.37259695866705816,0.3434938653348219,mRNAseq_693
CGGA_1736,Primary,GBM,WHO IV,Female,57.0,938.0,1.0,1.0,1.0,Wildtype,un-methylated,mRNAseq_693,30.81724845995893,0.0,0.0,0.0,"(54.0, 60.0]",0.9122547283140244,AC,0.4272694197799734,0.27640895455501835,0.4272694197799734,0.20185799607360658,0.09446362959140162,mRNAseq_693
CGGA_1740,Primary,GBM,WHO IV,Female,50.0,363.0,1.0,0.0,0.0,Wildtype,methylated,mRNAseq_693,11.926078028747432,0.0,0.0,1.0,"(43.0, 54.0]",0.8531054281193726,NPC,0.4270411601384928,0.06229073724078212,0.14340274481922097,0.36726535780150416,0.4270411601384928,mRNAseq_693
CGGA_1744,Primary,GBM,WHO IV,Male,51.0,1936.0,0.0,1.0,1.0,,methylated,mRNAseq_693,63.605749486652975,1.0,,1.0,"(43.0, 54.0]",0.7004336303129521,MES,0.6713448675115243,0.6713448675115243,0.16704116569669342,0.06812442189254464,0.09348954489923762,mRNAseq_693
CGGA_1749,Primary,GBM,WHO IV,Female,44.0,401.0,1.0,1.0,1.0,Wildtype,un-methylated,mRNAseq_693,13.174537987679672,0.0,0.0,0.0,"(43.0, 54.0]",0.9156453621873278,NPC,0.4704796832898121,0.14933511891059326,0.20039913693452222,0.1797860608650724,0.4704796832898121,mRNAseq_693
CGGA_1750,Primary,GBM,WHO IV,Female,52.0,250.0,1.0,1.0,1.0,Wildtype,methylated,mRNAseq_693,8.213552361396303,0.0,0.0,1.0,"(43.0, 54.0]",0.962937355439349,OPC,0.3226189572398593,0.12565412052684283,0.2574162812808123,0.3226189572398593,0.2943106409524856,mRNAseq_693
CGGA_1758,Primary,GBM,WHO IV,Female,45.0,414.0,1.0,1.0,1.0,Wildtype,methylated,mRNAseq_693,13.60164271047228,0.0,0.0,1.0,"(43.0, 54.0]",0.9581980559219839,NPC,0.3781576327477358,0.14117572529412653,0.2564344147769532,0.2242322271811844,0.3781576327477358,mRNAseq_693
CGGA_1764,Primary,GBM,WHO IV,Male,33.0,710.0,1.0,1.0,1.0,Mutant,un-methylated,mRNAseq_693,23.326488706365502,1.0,1.0,0.0,"(10.999, 43.0]",0.9721348711691741,NPC,0.3233389915806235,0.1500099038543359,0.22811117113089427,0.2985399334341464,0.3233389915806235,mRNAseq_693
CGGA_1767,Primary,GBM,WHO IV,Male,63.0,86.0,1.0,0.0,0.0,Wildtype,methylated,mRNAseq_693,2.8254620123203287,1.0,0.0,1.0,"(60.0, 79.0]",0.9681800848799119,MES,0.3836596908067239,0.3836596908067239,0.2077668023610093,0.19196073077198,0.2166127760602868,mRNAseq_693
CGGA_1769,Primary,GBM,WHO IV,Female,49.0,1854.0,0.0,0.0,1.0,Wildtype,methylated,mRNAseq_693,60.91170431211499,0.0,0.0,1.0,"(43.0, 54.0]",0.9233590709793922,OPC,0.39747524852926613,0.10878906279719495,0.17937081119318368,0.39747524852926613,0.3143648774803553,mRNAseq_693
CGGA_1780,Primary,GBM,WHO IV,Female,57.0,1826.0,0.0,0.0,1.0,Wildtype,,mRNAseq_693,59.9917864476386,0.0,0.0,,"(54.0, 60.0]",0.9771216956975431,AC,0.35538992331452807,0.2493443425255759,0.35538992331452807,0.20490901554715063,0.19035671861274536,mRNAseq_693
CGGA_1807,Primary,GBM,WHO IV,Female,65.0,247.0,1.0,,,Wildtype,methylated,mRNAseq_693,8.114989733059549,0.0,0.0,1.0,"(60.0, 79.0]",0.8855427256895843,NPC,0.4441001923172213,0.12440368537260092,0.11021947313714706,0.3212766491730307,0.4441001923172213,mRNAseq_693
CGGA_1812,Primary,GBM,WHO IV,Male,65.0,780.0,1.0,,,Wildtype,un-methylated,mRNAseq_693,25.626283367556468,1.0,0.0,0.0,"(60.0, 79.0]",0.9827027112956146,AC,0.34490500463443935,0.22611058943946508,0.34490500463443935,0.23187803504551577,0.19710637088057992,mRNAseq_693
CGGA_1817,Primary,GBM,WHO IV,Female,72.0,399.0,1.0,1.0,1.0,Wildtype,methylated,mRNAseq_693,13.1088295687885,0.0,0.0,1.0,"(60.0, 79.0]",0.910946879221019,AC,0.46173951844121097,0.20427798699011562,0.46173951844121097,0.21855723022021048,0.11542526434846305,mRNAseq_693
CGGA_1819,Primary,GBM,WHO IV,Male,55.0,1005.0,1.0,0.0,1.0,Wildtype,methylated,mRNAseq_693,33.01848049281314,1.0,0.0,1.0,"(54.0, 60.0]",0.9650385928640345,OPC,0.37454829198845235,0.2637478631769855,0.18374120982907227,0.37454829198845235,0.1779626350054899,mRNAseq_693
CGGA_1826,Primary,GBM,WHO IV,Female,70.0,44.0,1.0,0.0,0.0,Wildtype,methylated,mRNAseq_693,1.4455852156057496,0.0,0.0,1.0,"(60.0, 79.0]",0.9585274367347278,AC,0.4047754702227093,0.1984306247346398,0.4047754702227093,0.20040406262929636,0.19638984241335444,mRNAseq_693
CGGA_1833,Primary,GBM,WHO IV,Female,60.0,494.0,1.0,1.0,1.0,Wildtype,methylated,mRNAseq_693,16.229979466119097,0.0,0.0,1.0,"(54.0, 60.0]",0.9956616026515173,MES,0.2870282225490331,0.2870282225490331,0.26422778351349935,0.21646024652444282,0.2322837474130248,mRNAseq_693
CGGA_1840,Primary,GBM,WHO IV,Female,58.0,1179.0,0.0,1.0,1.0,Wildtype,methylated,mRNAseq_693,38.73511293634497,0.0,0.0,1.0,"(54.0, 60.0]",0.9259623678784314,OPC,0.3877510317875991,0.1090581158813982,0.181614044445023,0.3877510317875991,0.32157680788597964,mRNAseq_693
CGGA_1866,Primary,GBM,WHO IV,Male,68.0,127.0,1.0,1.0,1.0,Wildtype,un-methylated,mRNAseq_693,4.172484599589322,1.0,0.0,0.0,"(60.0, 79.0]",0.996584275809452,NPC,0.2743313332909469,0.24096716061992812,0.27010819365193045,0.21459331243719454,0.2743313332909469,mRNAseq_693
CGGA_1870,Primary,GBM,WHO IV,Male,62.0,1556.0,0.0,1.0,1.0,Mutant,un-methylated,mRNAseq_693,51.1211498973306,1.0,1.0,0.0,"(60.0, 79.0]",0.8420448233494519,NPC,0.465340840734659,0.06436959198679047,0.13287561843142556,0.33741394884712494,0.465340840734659,mRNAseq_693
CGGA_1901,Primary,GBM,WHO IV,Male,60.0,540.0,1.0,1.0,1.0,Wildtype,methylated,mRNAseq_693,17.741273100616016,1.0,0.0,1.0,"(54.0, 60.0]",0.7939312685215614,MES,0.5798004312344072,0.5798004312344072,0.2300024261565004,0.10454783168675266,0.08564931092233967,mRNAseq_693
CGGA_509,Primary,GBM,WHO IV,Male,38.0,623.0,1.0,1.0,0.0,Wildtype,un-methylated,mRNAseq_693,20.468172484599588,1.0,0.0,0.0,"(10.999, 43.0]",0.9666486933033374,NPC,0.34249961120456335,0.25271739013660793,0.1374760079179655,0.2673069907408632,0.34249961120456335,mRNAseq_693
CGGA_831,Primary,GBM,WHO IV,Female,55.0,546.0,1.0,1.0,1.0,Wildtype,un-methylated,mRNAseq_693,17.93839835728953,0.0,0.0,0.0,"(54.0, 60.0]",0.9839986229090202,MES,0.32780189503207013,0.32780189503207013,0.17980805027912417,0.2527854065635266,0.23960464812527907,mRNAseq_693
CGGA_P100,Primary,GBM,WHO IV,Male,67.0,268.0,1.0,,,Wildtype,,mRNAseq_693,8.804928131416839,1.0,0.0,,"(60.0, 79.0]",0.9561356637491785,NPC,0.393732436926208,0.19668896330726615,0.1578669165116587,0.2517116832548671,0.393732436926208,mRNAseq_693
CGGA_P102,Primary,GBM,WHO IV,Male,30.0,1269.0,1.0,1.0,1.0,Mutant,,mRNAseq_693,41.69199178644764,1.0,1.0,,"(10.999, 43.0]",0.9235985607518785,NPC,0.4499396787917412,0.20909330541970292,0.13064240018873333,0.21032461559982246,0.4499396787917412,mRNAseq_693
CGGA_P112,Primary,GBM,WHO IV,Male,65.0,834.0,1.0,1.0,1.0,Wildtype,,mRNAseq_693,27.40041067761807,1.0,0.0,,"(60.0, 79.0]",0.9527688159297482,NPC,0.347972678628045,0.130702639777452,0.20180137576002014,0.31952330583448296,0.347972678628045,mRNAseq_693
CGGA_P116,Primary,GBM,WHO IV,Male,58.0,305.0,1.0,1.0,,Wildtype,,mRNAseq_693,10.020533880903493,1.0,0.0,,"(54.0, 60.0]",0.9383238609492107,OPC,0.3709784645470541,0.20370560963882706,0.11200140919454687,0.3709784645470541,0.313314516619572,mRNAseq_693
CGGA_P136,Primary,GBM,WHO IV,Female,41.0,842.0,1.0,1.0,1.0,Wildtype,,mRNAseq_693,27.66324435318275,0.0,0.0,,"(10.999, 43.0]",0.9699407737020591,AC,0.3611112066388841,0.15889721186895314,0.3611112066388841,0.25091192900212517,0.2290796524900377,mRNAseq_693
CGGA_P143,Primary,GBM,WHO IV,Female,66.0,261.0,1.0,1.0,1.0,Wildtype,,mRNAseq_693,8.574948665297741,0.0,0.0,,"(60.0, 79.0]",0.7182774805928722,MES,0.6621081798454787,0.6621081798454787,0.1615448242497812,0.08774734972090756,0.0885996461838326,mRNAseq_693
CGGA_P15,Primary,GBM,WHO IV,Male,49.0,723.0,1.0,1.0,1.0,,,mRNAseq_693,23.753593429158112,1.0,,,"(43.0, 54.0]",0.9390318105368018,AC,0.3718564847558359,0.10089956013891255,0.3718564847558359,0.25270756655883336,0.27453638854641815,mRNAseq_693
CGGA_P160,Primary,GBM,WHO IV,Female,72.0,219.0,1.0,1.0,1.0,Wildtype,,mRNAseq_693,7.195071868583162,0.0,0.0,,"(60.0, 79.0]",0.9561944177874386,MES,0.3925301461006301,0.3925301461006301,0.23862447613009066,0.22014493886921846,0.1487004389000608,mRNAseq_693
CGGA_P164,Primary,GBM,WHO IV,Male,27.0,1553.0,0.0,1.0,1.0,Wildtype,,mRNAseq_693,51.02258726899384,1.0,0.0,,"(10.999, 43.0]",0.9467834271208398,MES,0.3961790367342222,0.3961790367342222,0.28050324153384293,0.159252679465723,0.16406504226621196,mRNAseq_693
CGGA_P178,Primary,GBM,WHO IV,Female,52.0,1442.0,0.0,1.0,1.0,Wildtype,methylated,mRNAseq_693,47.37577002053388,0.0,0.0,1.0,"(43.0, 54.0]",0.978757231075583,NPC,0.3461569632145169,0.19641001589369037,0.1953507873284799,0.2620822335633129,0.3461569632145169,mRNAseq_693
CGGA_P180,Primary,GBM,WHO IV,Male,47.0,260.0,1.0,1.0,1.0,Mutant,,mRNAseq_693,8.542094455852157,1.0,1.0,,"(43.0, 54.0]",0.9968822335663817,MES,0.2903902959080833,0.2903902959080833,0.23706257685271756,0.23109245917998264,0.24145466805921648,mRNAseq_693
CGGA_P205,Primary,GBM,WHO IV,Male,66.0,583.0,1.0,1.0,1.0,Wildtype,,mRNAseq_693,19.15400410677618,1.0,0.0,,"(60.0, 79.0]",0.9913665196846887,MES,0.3186328691802787,0.3186328691802787,0.2314466261177892,0.22608135822925862,0.22383914647267347,mRNAseq_693
CGGA_P22,Primary,GBM,WHO IV,Male,62.0,406.0,1.0,1.0,1.0,Wildtype,,mRNAseq_693,13.338809034907598,1.0,0.0,,"(60.0, 79.0]",0.9338724817269402,AC,0.40414427763926253,0.11745751349538723,0.40414427763926253,0.2811937951342657,0.1972044137310846,mRNAseq_693
CGGA_P25,Primary,GBM,WHO IV,Male,64.0,147.0,1.0,1.0,1.0,Wildtype,,mRNAseq_693,4.829568788501026,1.0,0.0,,"(60.0, 79.0]",0.9089506633050897,MES,0.48241802749822377,0.48241802749822377,0.17283709633521582,0.15875360910735864,0.18599126705920183,mRNAseq_693
CGGA_P28,Primary,GBM,WHO IV,Male,61.0,107.0,1.0,0.0,0.0,Wildtype,,mRNAseq_693,3.515400410677618,1.0,0.0,,"(60.0, 79.0]",0.998276505958626,MES,0.2743701628604636,0.2743701628604636,0.22554673524934382,0.2494652224621676,0.25061787942802494,mRNAseq_693
CGGA_P609,Primary,GBM,WHO IV,Female,19.0,726.0,0.0,1.0,1.0,Wildtype,un-methylated,mRNAseq_693,23.852156057494867,0.0,0.0,0.0,"(10.999, 43.0]",0.9535312159543545,OPC,0.3399718448957086,0.12119225556081471,0.22499532569140648,0.3399718448957086,0.3138405738520703,mRNAseq_693
CGGA_1001,Primary,GBM,WHO IV,Male,11.0,3817.0,0.0,0.0,1.0,Wildtype,un-methylated,mRNAseq_325,125.40451745379876,1.0,0.0,0.0,"(10.999, 43.0]",0.893625554483003,MES,0.46096331768166643,0.46096331768166643,0.11581006387884245,0.2837512056180185,0.13947541282147272,mRNAseq_325
CGGA_1007,Primary,GBM,WHO IV,Female,57.0,345.0,1.0,1.0,1.0,Wildtype,un-methylated,mRNAseq_325,11.3347022587269,0.0,0.0,0.0,"(54.0, 60.0]",0.8861584257931115,AC,0.5011997933099138,0.11620648572050644,0.5011997933099138,0.18030769001125047,0.20228603095832923,mRNAseq_325
CGGA_1011,Primary,GBM,WHO IV,Female,46.0,109.0,1.0,1.0,0.0,Wildtype,un-methylated,mRNAseq_325,3.5811088295687883,0.0,0.0,0.0,"(43.0, 54.0]",0.8989738238307441,AC,0.48066093267436893,0.22049692287860911,0.48066093267436893,0.1824122978609056,0.11642984658611628,mRNAseq_325
CGGA_1015,Primary,GBM,WHO IV,Male,62.0,164.0,1.0,1.0,0.0,Wildtype,un-methylated,mRNAseq_325,5.388090349075975,1.0,0.0,0.0,"(60.0, 79.0]",0.41611683517984877,MES,0.8486374233304145,0.8486374233304145,0.02436574536522787,0.04969109537806815,0.07730573592628938,mRNAseq_325
CGGA_1023,Primary,GBM,WHO IV,Female,56.0,681.0,1.0,1.0,1.0,Wildtype,un-methylated,mRNAseq_325,22.37371663244353,0.0,0.0,0.0,"(54.0, 60.0]",0.9102027899573975,NPC,0.4717034021281027,0.1511055828965182,0.22582685694642285,0.15136415802895611,0.4717034021281027,mRNAseq_325
CGGA_1024,Primary,GBM,WHO IV,Male,64.0,3074.0,1.0,1.0,1.0,Wildtype,methylated,mRNAseq_325,100.99383983572896,1.0,0.0,1.0,"(60.0, 79.0]",0.968875771885041,OPC,0.3155374339469737,0.1390291857840324,0.30498263690837596,0.3155374339469737,0.24045074336061795,mRNAseq_325
CGGA_1026,Primary,GBM,WHO IV,Male,57.0,1570.0,1.0,1.0,1.0,Wildtype,methylated,mRNAseq_325,51.58110882956879,1.0,0.0,1.0,"(54.0, 60.0]",0.8220255825445927,AC,0.5737135965461764,0.11765663204561201,0.5737135965461764,0.1199032561955299,0.18872651521268166,mRNAseq_325
CGGA_1035,Primary,GBM,WHO IV,Female,60.0,567.0,1.0,1.0,0.0,Wildtype,methylated,mRNAseq_325,18.628336755646817,0.0,0.0,1.0,"(54.0, 60.0]",0.19312211075362304,MES,0.946390195993339,0.946390195993339,0.017974521151210284,0.019615812484612652,0.0160194703708381,mRNAseq_325
CGGA_1039,Primary,GBM,WHO IV,Male,40.0,727.0,1.0,0.0,1.0,Wildtype,methylated,mRNAseq_325,23.88501026694045,1.0,0.0,1.0,"(10.999, 43.0]",0.8110891912256996,NPC,0.5829382411100493,0.09196506729238628,0.16926814690975933,0.155828544687805,0.5829382411100493,mRNAseq_325
CGGA_1045,Primary,GBM,WHO IV,Male,79.0,348.0,1.0,1.0,1.0,Wildtype,un-methylated,mRNAseq_325,11.433264887063656,1.0,0.0,0.0,"(60.0, 79.0]",0.6039680569022781,MES,0.7219496161123995,0.7219496161123995,0.18153255743173552,0.044796024194900926,0.05172180226096418,mRNAseq_325
CGGA_1049,Primary,GBM,WHO IV,Male,58.0,809.0,1.0,1.0,1.0,Wildtype,un-methylated,mRNAseq_325,26.57905544147844,1.0,0.0,0.0,"(54.0, 60.0]",0.6341147174784333,MES,0.7177927590782699,0.7177927590782699,0.15224499179238934,0.05791571046128677,0.07204653866805401,mRNAseq_325
CGGA_1072,Primary,GBM,WHO IV,Male,26.0,1090.0,1.0,1.0,1.0,Wildtype,un-methylated,mRNAseq_325,35.81108829568789,1.0,0.0,0.0,"(10.999, 43.0]",0.8369864651645755,NPC,0.5065749113497107,0.07027769859673447,0.13541850738632266,0.2877288826672322,0.5065749113497107,mRNAseq_325
CGGA_1077,Primary,GBM,WHO IV,Male,47.0,591.0,1.0,1.0,0.0,Wildtype,un-methylated,mRNAseq_325,19.416837782340863,1.0,0.0,0.0,"(43.0, 54.0]",0.7305668728207202,MES,0.6195129178939454,0.6195129178939454,0.2393014629619262,0.07536392841777342,0.06582169072635492,mRNAseq_325
CGGA_1083,Primary,GBM,WHO IV,Male,59.0,450.0,1.0,1.0,1.0,Wildtype,un-methylated,mRNAseq_325,14.784394250513348,1.0,0.0,0.0,"(54.0, 60.0]",0.8460810244893714,MES,0.49193167962321993,0.49193167962321993,0.29972514314021137,0.13357849662269233,0.07476468061387631,mRNAseq_325
CGGA_1091,Primary,GBM,WHO IV,Female,51.0,1116.0,1.0,1.0,1.0,Wildtype,methylated,mRNAseq_325,36.6652977412731,0.0,0.0,1.0,"(43.0, 54.0]",0.9925837056944249,OPC,0.28849368071815645,0.194775690571158,0.2461655526857606,0.28849368071815645,0.27056507602492497,mRNAseq_325
CGGA_1109,Primary,GBM,WHO IV,Male,42.0,1348.0,1.0,,,Wildtype,un-methylated,mRNAseq_325,44.28747433264887,1.0,0.0,0.0,"(10.999, 43.0]",0.6550738297743027,AC,0.7128782132879249,0.07045877765159239,0.7128782132879249,0.12147666035030417,0.09518634871017874,mRNAseq_325
CGGA_1124,Primary,GBM,WHO IV,Male,47.0,484.0,1.0,1.0,1.0,Wildtype,un-methylated,mRNAseq_325,15.901437371663244,1.0,0.0,0.0,"(43.0, 54.0]",0.32304773652399266,MES,0.8958853629097915,0.8958853629097915,0.03990713081302261,0.03231602969426267,0.03189147658292322,mRNAseq_325
CGGA_1139,Primary,GBM,WHO IV,Female,53.0,1196.0,1.0,1.0,1.0,Wildtype,methylated,mRNAseq_325,39.29363449691992,0.0,0.0,1.0,"(43.0, 54.0]",0.8174691134526109,AC,0.5639152760204053,0.07935080383398167,0.5639152760204053,0.1462082462852601,0.21052567386035287,mRNAseq_325
CGGA_1171,Primary,GBM,WHO IV,Male,40.0,412.0,1.0,1.0,0.0,Wildtype,methylated,mRNAseq_325,13.535934291581109,1.0,0.0,1.0,"(10.999, 43.0]",0.977671556238762,OPC,0.2955611029410042,0.28025054643404956,0.2754395762810363,0.2955611029410042,0.14874877434390998,mRNAseq_325
CGGA_1180,Primary,GBM,WHO IV,Female,48.0,1226.0,0.0,1.0,1.0,Wildtype,un-methylated,mRNAseq_325,40.27926078028747,0.0,0.0,0.0,"(43.0, 54.0]",0.9092862536369684,MES,0.46304133907518663,0.46304133907518663,0.12264027792532296,0.17322495397773013,0.24109342902176037,mRNAseq_325
CGGA_1214,Primary,GBM,WHO IV,Female,49.0,604.0,1.0,1.0,1.0,Wildtype,methylated,mRNAseq_325,19.84394250513347,0.0,0.0,1.0,"(43.0, 54.0]",0.937087683974101,NPC,0.33463928227712697,0.08950712941003422,0.27967167293510925,0.2961819153777296,0.33463928227712697,mRNAseq_325
CGGA_1216,Primary,GBM,WHO IV,Male,44.0,312.0,1.0,1.0,1.0,Wildtype,methylated,mRNAseq_325,10.250513347022586,1.0,0.0,1.0,"(43.0, 54.0]",0.9442809974200166,AC,0.3676031779361323,0.3244955040787529,0.3676031779361323,0.14893313699239877,0.1589681809927161,mRNAseq_325
CGGA_1224,Primary,GBM,WHO IV,Male,57.0,271.0,1.0,1.0,1.0,Wildtype,un-methylated,mRNAseq_325,8.903490759753593,1.0,0.0,0.0,"(54.0, 60.0]",0.7038510912914143,MES,0.6599244413415777,0.6599244413415777,0.18894686755973802,0.09224000865849134,0.05888868244019276,mRNAseq_325
CGGA_1234,Primary,GBM,WHO IV,Male,32.0,705.0,1.0,1.0,1.0,Wildtype,un-methylated,mRNAseq_325,23.16221765913758,1.0,0.0,0.0,"(10.999, 43.0]",0.9256345844634761,AC,0.3539510569091889,0.30706590387943167,0.3539510569091889,0.2580434097480046,0.08093962946337471,mRNAseq_325
CGGA_1237,Primary,GBM,WHO IV,Male,62.0,296.0,1.0,1.0,1.0,Wildtype,un-methylated,mRNAseq_325,9.724845995893224,1.0,0.0,0.0,"(60.0, 79.0]",0.9227254813972271,AC,0.3437667470406816,0.07532014634646679,0.3437667470406816,0.30629697601704337,0.27461613059580825,mRNAseq_325
CGGA_1240,Primary,GBM,WHO IV,Male,33.0,19.0,1.0,0.0,0.0,Wildtype,un-methylated,mRNAseq_325,0.6242299794661191,1.0,0.0,0.0,"(10.999, 43.0]",0.5471042630694963,MES,0.7821495973177891,0.7821495973177891,0.08829642123974907,0.07770646158264052,0.05184751985982123,mRNAseq_325
CGGA_1251,Primary,GBM,WHO IV,Female,42.0,272.0,1.0,1.0,1.0,Wildtype,un-methylated,mRNAseq_325,8.936344969199178,0.0,0.0,0.0,"(10.999, 43.0]",0.7874791229631207,OPC,0.4832815979811802,0.03192522161504915,0.1274663665917343,0.4832815979811802,0.35732681381203635,mRNAseq_325
CGGA_1258,Primary,GBM,WHO IV,Male,42.0,114.0,1.0,0.0,0.0,Wildtype,un-methylated,mRNAseq_325,3.7453798767967146,1.0,0.0,0.0,"(10.999, 43.0]",0.9732770295860982,OPC,0.3083389234954659,0.14257309079204045,0.2577918766154205,0.3083389234954659,0.29129610909707304,mRNAseq_325
CGGA_1270,Primary,GBM,WHO IV,Female,60.0,188.0,1.0,1.0,1.0,Wildtype,un-methylated,mRNAseq_325,6.176591375770021,0.0,0.0,0.0,"(54.0, 60.0]",0.9124991619456868,NPC,0.38432420046241567,0.35435127481725104,0.1145809332159066,0.14674359150442678,0.38432420046241567,mRNAseq_325
CGGA_1299,Primary,GBM,WHO IV,Male,54.0,550.0,1.0,1.0,1.0,Wildtype,un-methylated,mRNAseq_325,18.069815195071868,1.0,0.0,0.0,"(43.0, 54.0]",0.9807287642213688,AC,0.33757211895652417,0.20854156322127182,0.33757211895652417,0.18699574224646934,0.26689057557573465,mRNAseq_325
CGGA_1313,Primary,GBM,WHO IV,Male,42.0,379.0,1.0,1.0,1.0,Wildtype,un-methylated,mRNAseq_325,12.451745379876796,1.0,0.0,0.0,"(10.999, 43.0]",0.7802215829694239,MES,0.5895774359122704,0.5895774359122704,0.2286596497186395,0.10783632391877628,0.07392659045031387,mRNAseq_325
CGGA_1320,Primary,GBM,WHO IV,Male,19.0,59.0,1.0,0.0,1.0,Wildtype,un-methylated,mRNAseq_325,1.938398357289528,1.0,0.0,0.0,"(10.999, 43.0]",0.8882877105711734,NPC,0.3957235758577658,0.06153886836935333,0.33461880549288986,0.20811875027999097,0.3957235758577658,mRNAseq_325
CGGA_1332,Primary,GBM,WHO IV,Female,55.0,510.0,0.0,0.0,1.0,Wildtype,methylated,mRNAseq_325,16.75564681724846,0.0,0.0,1.0,"(54.0, 60.0]",0.6511455612129797,NPC,0.7136922962970352,0.06021174587485485,0.11666796784659411,0.10942798998151594,0.7136922962970352,mRNAseq_325
CGGA_1338,Primary,GBM,WHO IV,Female,61.0,1122.0,1.0,1.0,1.0,Wildtype,methylated,mRNAseq_325,36.86242299794661,0.0,0.0,1.0,"(60.0, 79.0]",0.8601390086734514,MES,0.511729486924015,0.511729486924015,0.07916730723632433,0.19511316322687902,0.2139900426127817,mRNAseq_325
CGGA_1342,Primary,GBM,WHO IV,Male,47.0,186.0,1.0,1.0,1.0,Wildtype,un-methylated,mRNAseq_325,6.11088295687885,1.0,0.0,0.0,"(43.0, 54.0]",0.33160630718492645,MES,0.8893420986918926,0.8893420986918926,0.024721447777194507,0.026432319500116194,0.05950413403079682,mRNAseq_325
CGGA_274,Primary,GBM,WHO IV,Female,55.0,610.0,0.0,1.0,1.0,Wildtype,un-methylated,mRNAseq_325,20.041067761806985,0.0,0.0,0.0,"(54.0, 60.0]",0.9804166182483524,NPC,0.35388920727330303,0.20363011550754057,0.2231056570295978,0.21937502018955862,0.35388920727330303,mRNAseq_325
CGGA_413,Primary,GBM,WHO IV,Male,54.0,183.0,0.0,1.0,1.0,Wildtype,un-methylated,mRNAseq_325,6.012320328542095,1.0,0.0,0.0,"(43.0, 54.0]",0.8534737219978622,AC,0.5261487213055048,0.21307643816343652,0.5261487213055048,0.17476852040274,0.08600632012831866,mRNAseq_325
CGGA_483,Primary,GBM,WHO IV,Female,59.0,277.0,1.0,1.0,1.0,Wildtype,un-methylated,mRNAseq_325,9.100616016427104,0.0,0.0,0.0,"(54.0, 60.0]",0.9056495544860981,MES,0.48028120197995217,0.48028120197995217,0.1792369764818465,0.1342024033259525,0.20627941821224896,mRNAseq_325
CGGA_494,Primary,GBM,WHO IV,Female,58.0,4435.0,0.0,1.0,1.0,Wildtype,methylated,mRNAseq_325,145.70841889117042,0.0,0.0,1.0,"(54.0, 60.0]",0.7561089684249573,NPC,0.5091336124362549,0.036291379207119064,0.08969549371034925,0.3648795146462768,0.5091336124362549,mRNAseq_325
CGGA_499,Primary,GBM,WHO IV,Male,51.0,122.0,1.0,1.0,0.0,Wildtype,methylated,mRNAseq_325,4.008213552361396,1.0,0.0,1.0,"(43.0, 54.0]",0.8909299731981294,OPC,0.4252817568862799,0.10062350373696181,0.13871167872379098,0.4252817568862799,0.3353830606529673,mRNAseq_325
CGGA_525,Primary,GBM,WHO IV,Male,61.0,138.0,1.0,1.0,0.0,Wildtype,methylated,mRNAseq_325,4.53388090349076,1.0,0.0,1.0,"(60.0, 79.0]",0.8291165367699141,MES,0.5559289893734609,0.5559289893734609,0.2205439157612829,0.11663166936182744,0.10689542550342865,mRNAseq_325
CGGA_604,Primary,GBM,WHO IV,Male,46.0,381.0,1.0,1.0,1.0,Wildtype,methylated,mRNAseq_325,12.517453798767969,1.0,0.0,1.0,"(43.0, 54.0]",0.7782456360132071,MES,0.6152767891347435,0.6152767891347435,0.12057862050417353,0.09638091231419027,0.16776367804689274,mRNAseq_325
CGGA_658,Primary,GBM,WHO IV,Male,55.0,372.0,1.0,1.0,1.0,Wildtype,methylated,mRNAseq_325,12.2217659137577,1.0,0.0,1.0,"(54.0, 60.0]",0.7297453022870883,OPC,0.5903782302539903,0.038555710737944,0.09138112900937287,0.5903782302539903,0.2796849299986927,mRNAseq_325
CGGA_676,Primary,GBM,WHO IV,Male,60.0,376.0,1.0,1.0,1.0,Wildtype,un-methylated,mRNAseq_325,12.35318275154004,1.0,0.0,0.0,"(54.0, 60.0]",0.9118786201865194,AC,0.4642393720534812,0.2356090374444164,0.4642393720534812,0.16724363406144335,0.13290795644065906,mRNAseq_325
CGGA_679,Primary,GBM,WHO IV,Female,63.0,263.0,1.0,1.0,0.0,Wildtype,methylated,mRNAseq_325,8.640657084188911,0.0,0.0,1.0,"(60.0, 79.0]",0.9300373344035674,OPC,0.43738187373124143,0.173823327825999,0.14381156527817784,0.43738187373124143,0.24498323316458165,mRNAseq_325
CGGA_680,Primary,GBM,WHO IV,Male,44.0,2373.0,1.0,1.0,1.0,Wildtype,un-methylated,mRNAseq_325,77.96303901437372,1.0,0.0,0.0,"(43.0, 54.0]",0.7397090940221572,OPC,0.4692942995325026,0.02135661156963699,0.0947262988034854,0.4692942995325026,0.41462279009437497,mRNAseq_325
CGGA_700,Primary,GBM,WHO IV,Female,24.0,170.0,0.0,1.0,1.0,Mutant,methylated,mRNAseq_325,5.585215605749487,0.0,1.0,1.0,"(10.999, 43.0]",0.5816831598069718,OPC,0.6810615087739893,0.007498515740249421,0.05473655831956554,0.6810615087739893,0.2567034171661957,mRNAseq_325
CGGA_731,Primary,GBM,WHO IV,Male,50.0,503.0,1.0,1.0,0.0,Wildtype,un-methylated,mRNAseq_325,16.525667351129364,1.0,0.0,0.0,"(43.0, 54.0]",0.9110733738145304,AC,0.42398106581278855,0.30957898169576015,0.42398106581278855,0.14391611345109664,0.12252383904035467,mRNAseq_325
CGGA_782,Primary,GBM,WHO IV,Male,60.0,289.0,1.0,1.0,0.0,Wildtype,un-methylated,mRNAseq_325,9.494866529774129,1.0,0.0,0.0,"(54.0, 60.0]",0.9569747616107287,OPC,0.400740690264964,0.210641263010456,0.16455367624863457,0.400740690264964,0.22406437047594543,mRNAseq_325
CGGA_789,Primary,GBM,WHO IV,Male,50.0,345.0,1.0,1.0,0.0,Wildtype,un-methylated,mRNAseq_325,11.3347022587269,1.0,0.0,0.0,"(43.0, 54.0]",0.9948909809360306,OPC,0.27765279915862395,0.2703239312535935,0.20263129805503982,0.27765279915862395,0.24939197153274267,mRNAseq_325
CGGA_802,Primary,GBM,WHO IV,Male,42.0,681.0,1.0,1.0,1.0,Wildtype,un-methylated,mRNAseq_325,22.37371663244353,1.0,0.0,0.0,"(10.999, 43.0]",0.8141657124718188,MES,0.5260829426836959,0.5260829426836959,0.2944818958220017,0.076762891325589,0.10267227016871337,mRNAseq_325
CGGA_804,Primary,GBM,WHO IV,Female,53.0,614.0,0.0,1.0,1.0,Wildtype,methylated,mRNAseq_325,20.17248459958932,0.0,0.0,1.0,"(43.0, 54.0]",0.652455205788987,OPC,0.6546115394735431,0.03125764397127792,0.06130354594588814,0.6546115394735431,0.25282727060929067,mRNAseq_325
CGGA_808,Primary,GBM,WHO IV,Male,38.0,1167.0,0.0,1.0,1.0,Wildtype,un-methylated,mRNAseq_325,38.34086242299794,1.0,0.0,0.0,"(10.999, 43.0]",0.7663535962751142,OPC,0.6216158881362892,0.08471149547598393,0.11813083171208769,0.6216158881362892,0.17554178467563916,mRNAseq_325
CGGA_837,Primary,GBM,WHO IV,Male,57.0,432.0,1.0,1.0,1.0,Wildtype,methylated,mRNAseq_325,14.193018480492814,1.0,0.0,1.0,"(54.0, 60.0]",0.947718355184229,MES,0.4180169562407802,0.4180169562407802,0.1635185205441876,0.22696190992343251,0.1915026132915996,mRNAseq_325
CGGA_842,Primary,GBM,WHO IV,Female,63.0,204.0,1.0,1.0,1.0,Wildtype,un-methylated,mRNAseq_325,6.702258726899384,0.0,0.0,0.0,"(60.0, 79.0]",0.6483474609660677,MES,0.7001657230053828,0.7001657230053828,0.17692965533154636,0.06320132962093095,0.059703292042139984,mRNAseq_325
CGGA_848,Primary,GBM,WHO IV,Female,54.0,239.0,0.0,1.0,1.0,Wildtype,un-methylated,mRNAseq_325,7.852156057494867,0.0,0.0,0.0,"(43.0, 54.0]",0.8508833068418503,AC,0.5482024899566328,0.17648373095668834,0.5482024899566328,0.12101826853155967,0.15429551055511917,mRNAseq_325
CGGA_850,Primary,GBM,WHO IV,Female,52.0,564.0,0.0,0.0,0.0,Wildtype,un-methylated,mRNAseq_325,18.529774127310063,0.0,0.0,0.0,"(43.0, 54.0]",0.801334364645048,AC,0.5995619706632151,0.11390173714579416,0.5995619706632151,0.14483713640627036,0.14169915578472023,mRNAseq_325
CGGA_859,Primary,GBM,WHO IV,Male,56.0,387.0,1.0,1.0,0.0,Wildtype,un-methylated,mRNAseq_325,12.714579055441478,1.0,0.0,0.0,"(54.0, 60.0]",0.44494483530582796,MES,0.8378124059220563,0.8378124059220563,0.036491616859529424,0.06102654891138749,0.06466942830702684,mRNAseq_325
CGGA_876,Primary,GBM,WHO IV,Female,60.0,159.0,1.0,,,Wildtype,un-methylated,mRNAseq_325,5.223819301848049,0.0,0.0,0.0,"(54.0, 60.0]",0.5208896690092,MES,0.7976936583305196,0.7976936583305196,0.05678102861559059,0.0860304955646843,0.05949481748920537,mRNAseq_325
CGGA_878,Primary,GBM,WHO IV,Male,42.0,863.0,1.0,0.0,1.0,Wildtype,un-methylated,mRNAseq_325,28.35318275154004,1.0,0.0,0.0,"(10.999, 43.0]",0.6800061565677409,AC,0.693141397086204,0.10020003170118563,0.693141397086204,0.1366837289764325,0.06997484223617768,mRNAseq_325
CGGA_902,Primary,GBM,WHO IV,Male,54.0,193.0,1.0,,,Wildtype,un-methylated,mRNAseq_325,6.340862422997946,1.0,0.0,0.0,"(43.0, 54.0]",0.3625811482023129,NPC,0.8576397452568733,0.10973741259912019,0.006870640097086753,0.02575220204691982,0.8576397452568733,mRNAseq_325
CGGA_D03,Primary,GBM,WHO IV,Male,44.0,423.0,1.0,1.0,1.0,Wildtype,methylated,mRNAseq_325,13.897330595482549,1.0,0.0,1.0,"(43.0, 54.0]",0.7138346665367076,AC,0.648678060777899,0.19861285397711018,0.648678060777899,0.09585588044055926,0.056853204804431505,mRNAseq_325
CGGA_D09,Primary,GBM,WHO IV,Male,57.0,233.0,1.0,1.0,0.0,Wildtype,un-methylated,mRNAseq_325,7.655030800821355,1.0,0.0,0.0,"(54.0, 60.0]",0.9373901818114461,AC,0.44063408206315957,0.2007823990398258,0.44063408206315957,0.1865482531611373,0.17203526573587744,mRNAseq_325
CGGA_D35,Primary,GBM,WHO IV,Female,68.0,661.0,1.0,1.0,0.0,Wildtype,methylated,mRNAseq_325,21.71663244353183,0.0,0.0,1.0,"(60.0, 79.0]",0.7116224799501759,MES,0.6684701776170652,0.6684701776170652,0.14401874475782286,0.11665320612061851,0.07085787150449349,mRNAseq_325
CGGA_D37,Primary,GBM,WHO IV,Male,55.0,965.0,1.0,1.0,1.0,Wildtype,un-methylated,mRNAseq_325,31.704312114989733,1.0,0.0,0.0,"(54.0, 60.0]",0.6160394094120183,MES,0.7417318586024462,0.7417318586024462,0.09620207158956713,0.07837366469794159,0.08369240511004516,mRNAseq_325
CGGA_D57,Primary,GBM,WHO IV,Male,40.0,766.0,1.0,1.0,1.0,Wildtype,,mRNAseq_325,25.16632443531828,1.0,0.0,,"(10.999, 43.0]",0.9230828573757307,AC,0.4626826607469816,0.18749986925151038,0.4626826607469816,0.18601320671518182,0.1638042632863262,mRNAseq_325
CGGA_342,Primary,GBM,WHO IV,Female,49.0,500.0,1.0,1.0,1.0,Wildtype,methylated,mRNAseq_325,16.427104722792606,0.0,0.0,1.0,"(43.0, 54.0]",0.8510180275247708,AC,0.5240635728199075,0.21426418023514263,0.5240635728199075,0.18269878176382992,0.07897346518112011,mRNAseq_325
CGGA_1219,Primary,GBM,WHO IV,Female,57.0,2120.0,1.0,1.0,1.0,Mutant,methylated,mRNAseq_325,69.65092402464066,0.0,1.0,1.0,"(54.0, 60.0]",0.7770895768663936,OPC,0.4429522414570444,0.0295680316642918,0.11380629173481645,0.4429522414570444,0.4136734351438474,mRNAseq_325
CGGA_1287,Primary,GBM,WHO IV,Male,29.0,533.0,1.0,1.0,1.0,Mutant,un-methylated,mRNAseq_325,17.51129363449692,1.0,1.0,0.0,"(10.999, 43.0]",0.6906872999337271,OPC,0.6635683032158392,0.03490380636350826,0.16919833819436325,0.6635683032158392,0.1323295522262894,mRNAseq_325
CGGA_1314,Primary,GBM,WHO IV,Female,27.0,172.0,1.0,0.0,0.0,Mutant,methylated,mRNAseq_325,5.650924024640657,0.0,1.0,1.0,"(10.999, 43.0]",0.9039897730240861,NPC,0.47351039087838526,0.12111149120811503,0.17616816700617066,0.22920995090732907,0.47351039087838526,mRNAseq_325
CGGA_1384,Primary,GBM,WHO IV,Female,39.0,191.0,1.0,1.0,1.0,Mutant,methylated,mRNAseq_325,6.275154004106776,0.0,1.0,1.0,"(10.999, 43.0]",0.8572134049304134,OPC,0.41634983561069966,0.03953439082961738,0.214002219275091,0.41634983561069966,0.33011355428459205,mRNAseq_325
CGGA_1409,Primary,GBM,WHO IV,Female,24.0,2727.0,0.0,0.0,1.0,Mutant,un-methylated,mRNAseq_325,89.59342915811088,0.0,1.0,0.0,"(10.999, 43.0]",0.7254608109722787,NPC,0.5634592956541965,0.0196552833008363,0.10991847678337163,0.30696694426159554,0.5634592956541965,mRNAseq_325
CGGA_491,Primary,GBM,WHO IV,Female,36.0,1074.0,1.0,1.0,1.0,Mutant,methylated,mRNAseq_325,35.285420944558524,0.0,1.0,1.0,"(10.999, 43.0]",0.8040361065904125,NPC,0.47965428991771564,0.02220971620811359,0.1887628974309142,0.30937309644325656,0.47965428991771564,mRNAseq_325
CGGA_710,Primary,GBM,WHO IV,Male,41.0,660.0,1.0,0.0,1.0,Mutant,methylated,mRNAseq_325,21.683778234086244,1.0,1.0,1.0,"(10.999, 43.0]",0.913201384282114,OPC,0.42895593525223025,0.10647416549347163,0.2885474431082639,0.42895593525223025,0.17602245614603418,mRNAseq_325
CGGA_747,Primary,GBM,WHO IV,Male,29.0,970.0,1.0,1.0,1.0,Mutant,methylated,mRNAseq_325,31.86858316221766,1.0,1.0,1.0,"(10.999, 43.0]",0.6404006021269,NPC,0.6307789544687264,0.022721790627501015,0.05050050841502566,0.2959987464887468,0.6307789544687264,mRNAseq_325
CGGA_761,Primary,GBM,WHO IV,Male,45.0,1840.0,1.0,1.0,0.0,Mutant,methylated,mRNAseq_325,60.4517453798768,1.0,1.0,1.0,"(43.0, 54.0]",0.7880561667746114,NPC,0.561666022572176,0.049422748149937364,0.13736415005090216,0.2515470792269845,0.561666022572176,mRNAseq_325
CGGA_1008,Primary,GBM,WHO IV,Female,54.0,315.0,1.0,1.0,1.0,Wildtype,un-methylated,mRNAseq_325,10.349075975359344,0.0,0.0,0.0,"(43.0, 54.0]",0.7908143671134881,AC,0.6043969621665652,0.09855702634929835,0.6043969621665652,0.1691239541060637,0.12792205737807263,mRNAseq_325
CGGA_1053,Primary,GBM,WHO IV,Female,63.0,370.0,1.0,1.0,1.0,Wildtype,un-methylated,mRNAseq_325,12.15605749486653,0.0,0.0,0.0,"(60.0, 79.0]",0.8900265307502747,OPC,0.4306228206807373,0.09723572933350391,0.14363039492063234,0.4306228206807373,0.32851105506512635,mRNAseq_325
CGGA_1070,Primary,GBM,WHO IV,Male,37.0,333.0,1.0,1.0,1.0,Wildtype,un-methylated,mRNAseq_325,10.940451745379876,1.0,0.0,0.0,"(10.999, 43.0]",0.9292087152437132,AC,0.33393213652167775,0.08137256194670497,0.33393213652167775,0.31192211335784065,0.2727731881737766,mRNAseq_325
CGGA_1073,Primary,GBM,WHO IV,Female,42.0,270.0,1.0,1.0,1.0,Wildtype,un-methylated,mRNAseq_325,8.870636550308008,0.0,0.0,0.0,"(10.999, 43.0]",0.7394048817282519,MES,0.6093366691496451,0.6093366691496451,0.236331011499471,0.10850584472201309,0.04582647462887075,mRNAseq_325
CGGA_1074,Primary,GBM,WHO IV,Male,50.0,86.0,1.0,1.0,1.0,Wildtype,methylated,mRNAseq_325,2.8254620123203287,1.0,0.0,1.0,"(43.0, 54.0]",0.9939645728458064,NPC,0.30074985158131506,0.2296079014678846,0.2146393500311778,0.2550028969196226,0.30074985158131506,mRNAseq_325
CGGA_1114,Primary,GBM,WHO IV,Male,53.0,460.0,1.0,1.0,1.0,Wildtype,un-methylated,mRNAseq_325,15.1129363449692,1.0,0.0,0.0,"(43.0, 54.0]",0.8187356928206192,MES,0.520707883408622,0.520707883408622,0.09765900404383028,0.083423605976096,0.2982095065714518,mRNAseq_325
CGGA_1275,Primary,GBM,WHO IV,Male,70.0,183.0,1.0,1.0,1.0,Wildtype,un-methylated,mRNAseq_325,6.012320328542095,1.0,0.0,0.0,"(60.0, 79.0]",0.6543073317331971,MES,0.6967268744264978,0.6967268744264978,0.03428439225599449,0.1353517150472933,0.13363701827021443,mRNAseq_325
CGGA_759,Primary,GBM,WHO IV,Male,30.0,1263.0,1.0,1.0,0.0,Mutant,methylated,mRNAseq_325,41.49486652977413,1.0,1.0,1.0,"(10.999, 43.0]",0.8105132374966796,NPC,0.5139378020240941,0.04464336391522474,0.14824905613398176,0.29316977792669935,0.5139378020240941,mRNAseq_325
CGGA_D30,Primary,GBM,WHO IV,Male,70.0,215.0,1.0,1.0,0.0,Wildtype,,mRNAseq_325,7.063655030800821,1.0,0.0,,"(60.0, 79.0]",0.8998103846614341,AC,0.3773804456670149,0.07580278904460197,0.3773804456670149,0.3554536960225946,0.19136306926578867,mRNAseq_325
