n,events,logHR,se,median_age,age_iqr,median_os,s12,s24,C,country,years,era,idh,adjusted,source,cohort,type,HR,note,url,lo,hi,scale,overlap,HR_year,lo_year,hi_year,pooled
593,492.0,0.03375812133383118,0.0035827576777434705,59.0,"[50.0, 68.0]",14.03,0.5807429159981772,0.23200175157313566,0.6545600701549255,USA,1989–2013,mixed,all-comers,False,cBioPortal gbm_tcga,TCGA-GBM,ipd,,,,,,,,1.0343343930452995,1.0270965274791997,1.0416232632604772,True
218,183.0,0.019822355782705248,0.005932928480143641,54.0,"[43.0, 60.0]",15.540041067761807,0.6317534855545417,0.3211183008599896,0.5800543053062728,China,2006–2016,TMZ,all-comers,False,CGGA mRNAseq_693 + _325,CGGA,ipd,,,,,,,,1.020020123254756,1.0082274771466708,1.031950701035388,True
485,223.0,0.024523931943856648,0.005642149271965984,59.0,"[51.0, 66.0]",23.5,0.8349407122443148,0.48968024783155584,0.615519030775422,USA,2014–2018,TMZ,all-comers,False,cBioPortal glioma_mskcc_2019,MSK-IMPACT,ipd,,,,,,,,1.024827116918747,1.013556385067513,1.0362231791396912,True
96,62.0,0.02717381629551751,0.010706490712310961,59.0,"[50.0, 66.0]",16.722792607802873,0.6232545226889884,0.37452477920663224,0.5874293785310735,USA/international,2016–2019,TMZ,all-comers,False,cBioPortal gbm_cptac_2021,CPTAC-GBM,ipd,,,,,,,,1.0275463915494707,1.006208286518059,1.0493370020237733,True
799,625.0,0.02955880224154443,0.0039,57.0,,,,,,USA/Canada,2006–2008,TMZ,all-comers,True,https://academic.oup.com/neuro-oncology/article/19/5/669/3076814,NRG/RTOG 0525 (Gittleman 2017),published,1.03,SE read from Table 2 (printed interval is ±1 SE),https://academic.oup.com/neuro-oncology/article/19/5/669/3076814,,,,,1.03,1.0221566953013599,1.0379034886497687,True
179,163.0,0.017839918128331016,0.008019585057031724,62.0,,,,,,USA,2007–2017,TMZ,IDH-wildtype,True,https://academic.oup.com/noa/article/1/1/vdz007/5506677,Ohio Brain Tumor Study (Gittleman 2019),published,1.018,,https://academic.oup.com/noa/article/1/1/vdz007/5506677,1.002,1.034,,,1.018,1.002123783456634,1.0341277366209178,True
680,646.0,0.016551443847757332,0.0043341591019234035,62.0,,,,,,Denmark,2005–2016,TMZ,all-comers,True,https://www.frontiersin.org/journals/oncology/articles/10.3389/fonc.2021.597587/full,Copenhagen (Abedi 2021),published,1.18,,https://www.frontiersin.org/journals/oncology/articles/10.3389/fonc.2021.597587/full,1.08,1.28,10.0,,1.0166891778440417,1.0080890328694196,1.0253626918279208,True
694,,0.01980262729617973,0.005002161068463351,63.0,,,,,,Norway,2000–2007,mixed,all-comers,True,https://pmc.ncbi.nlm.nih.gov/articles/PMC3424214/,Norway population-based (Rønning 2012),published,1.02,,https://pmc.ncbi.nlm.nih.gov/articles/PMC3424214/,1.01,1.03,,,1.02,1.0100485425227974,1.0300495037608726,True
34664,,0.036331929247390204,0.0004920002312259145,62.0,,,,,,USA,1973–2008,mixed,all-comers,True,https://wjso.biomedcentral.com/articles/10.1186/1477-7819-10-75,SEER (Thumma 2012),published,1.037,registry; no KPS or chemotherapy adjustment,https://wjso.biomedcentral.com/articles/10.1186/1477-7819-10-75,1.036,1.038,,,1.037,1.0360004816954564,1.0380004826253704,True
665,,0.03922071315328133,0.004905959675481534,61.0,,,,,,USA,2010–2019,TMZ,IDH-wildtype,True,https://pmc.ncbi.nlm.nih.gov/articles/PMC9629423/,Dana-Farber (Shi 2022),published,1.04,,https://pmc.ncbi.nlm.nih.gov/articles/PMC9629423/,1.03,1.05,,,1.04,1.030047617946906,1.0500485425672343,True
235,,0.02955880224154443,0.004953593330893265,64.0,,,,,,Norway,2007–2014,TMZ,IDH-wildtype,True,https://academic.oup.com/noa/article/5/1/vdad126/7283074,Western Norway (Bjorland 2023),published,1.03,,https://academic.oup.com/noa/article/5/1/vdad126/7283074,1.02,1.04,,,1.03,1.0200480757900958,1.0400490184526467,True
1003,667.0,0.02955880224154443,0.004953593330893265,63.0,,,,,,USA/Europe,≤2022,TMZ,IDH-wildtype,False,https://academic.oup.com/neuro-oncology/article/27/4/1046/7874752,RANO resect (Karschnia 2025),published,1.03,,https://academic.oup.com/neuro-oncology/article/27/4/1046/7874752,1.02,1.04,,,1.03,1.0200480757900958,1.0400490184526467,True
467,415.0,0.029266961396282005,0.004581264718752038,65.0,,,,,,Norway,2015–2017,TMZ,mostly IDH-wildtype,False,https://journals.plos.org/plosone/article?id=10.1371/journal.pone.0281166,Bergen–Oslo (Blakstad 2023),published,1.34,,https://journals.plos.org/plosone/article?id=10.1371/journal.pone.0281166,1.22,1.46,10.0,,1.0296994477882186,1.020494876367863,1.038987041805742,True
229,,0.018821754240587667,0.008512536013933236,50.0,,,,,,China,2004–2014,TMZ,all-comers,True,https://pmc.ncbi.nlm.nih.gov/articles/PMC4747376/,CGGA registry (Yang 2015),published,1.019,,https://pmc.ncbi.nlm.nih.gov/articles/PMC4747376/,1.002,1.036,,overlaps our CGGA cohort; shown but not pooled,1.019,1.0021394690580823,1.036144201541091,False
