pid,prs,histology,grade,sex,AGE,OS_DAYS,event,radio,chemo,idh,mgmt,batch,OS_MONTHS,male,idh_mut,mgmt_meth,q
CGGA_1017,Primary,GBM,WHO IV,Female,29.0,768.0,1.0,1.0,0.0,Wildtype,un-methylated,mRNAseq_693,25.232032854209447,0.0,0.0,0.0,"(10.999, 43.0]"
CGGA_1036,Primary,GBM,WHO IV,Male,41.0,806.0,1.0,1.0,1.0,Wildtype,methylated,mRNAseq_693,26.480492813141684,1.0,0.0,1.0,"(10.999, 43.0]"
CGGA_1041,Primary,GBM,WHO IV,Male,58.0,3593.0,0.0,1.0,1.0,Wildtype,un-methylated,mRNAseq_693,118.04517453798768,1.0,0.0,0.0,"(54.0, 60.0]"
CGGA_1075,Primary,GBM,WHO IV,Male,72.0,398.0,1.0,1.0,1.0,Wildtype,un-methylated,mRNAseq_693,13.075975359342916,1.0,0.0,0.0,"(60.0, 79.0]"
CGGA_1086,Primary,GBM,WHO IV,Female,65.0,1977.0,1.0,1.0,1.0,Wildtype,methylated,mRNAseq_693,64.95277207392198,0.0,0.0,1.0,"(60.0, 79.0]"
CGGA_1103,Primary,GBM,WHO IV,Female,35.0,585.0,1.0,1.0,1.0,Mutant,methylated,mRNAseq_693,19.21971252566735,0.0,1.0,1.0,"(10.999, 43.0]"
CGGA_1106,Primary,GBM,WHO IV,Male,37.0,420.0,1.0,1.0,0.0,Wildtype,methylated,mRNAseq_693,13.79876796714579,1.0,0.0,1.0,"(10.999, 43.0]"
CGGA_1134,Primary,GBM,WHO IV,Female,56.0,59.0,1.0,0.0,1.0,Wildtype,methylated,mRNAseq_693,1.938398357289528,0.0,0.0,1.0,"(54.0, 60.0]"
CGGA_1135,Primary,GBM,WHO IV,Male,40.0,1244.0,1.0,1.0,1.0,Wildtype,un-methylated,mRNAseq_693,40.87063655030801,1.0,0.0,0.0,"(10.999, 43.0]"
CGGA_1138,Primary,GBM,WHO IV,Male,54.0,411.0,1.0,1.0,1.0,Wildtype,un-methylated,mRNAseq_693,13.503080082135524,1.0,0.0,0.0,"(43.0, 54.0]"
CGGA_1142,Primary,GBM,WHO IV,Male,60.0,1005.0,1.0,1.0,1.0,Wildtype,un-methylated,mRNAseq_693,33.01848049281314,1.0,0.0,0.0,"(54.0, 60.0]"
CGGA_1172,Primary,GBM,WHO IV,Female,36.0,3131.0,0.0,1.0,1.0,Mutant,methylated,mRNAseq_693,102.86652977412732,0.0,1.0,1.0,"(10.999, 43.0]"
CGGA_1236,Primary,GBM,WHO IV,Female,47.0,191.0,1.0,0.0,0.0,Wildtype,methylated,mRNAseq_693,6.275154004106776,0.0,0.0,1.0,"(43.0, 54.0]"
CGGA_1256,Primary,GBM,WHO IV,Female,52.0,2557.0,0.0,1.0,1.0,,methylated,mRNAseq_693,84.0082135523614,0.0,,1.0,"(43.0, 54.0]"
CGGA_1282,Primary,GBM,WHO IV,Female,33.0,1116.0,1.0,1.0,1.0,Wildtype,un-methylated,mRNAseq_693,36.6652977412731,0.0,0.0,0.0,"(10.999, 43.0]"
CGGA_1326,Primary,GBM,WHO IV,Male,45.0,322.0,1.0,1.0,0.0,Mutant,un-methylated,mRNAseq_693,10.57905544147844,1.0,1.0,0.0,"(43.0, 54.0]"
CGGA_1353,Primary,GBM,WHO IV,Male,65.0,1022.0,1.0,1.0,1.0,Wildtype,un-methylated,mRNAseq_693,33.57700205338809,1.0,0.0,0.0,"(60.0, 79.0]"
CGGA_1354,Primary,GBM,WHO IV,Female,40.0,530.0,1.0,1.0,1.0,Wildtype,methylated,mRNAseq_693,17.412731006160165,0.0,0.0,1.0,"(10.999, 43.0]"
CGGA_1365,Primary,GBM,WHO IV,Male,55.0,253.0,1.0,1.0,1.0,Wildtype,methylated,mRNAseq_693,8.31211498973306,1.0,0.0,1.0,"(54.0, 60.0]"
CGGA_1371,Primary,GBM,WHO IV,Male,68.0,2791.0,0.0,1.0,1.0,Wildtype,methylated,mRNAseq_693,91.69609856262834,1.0,0.0,1.0,"(60.0, 79.0]"
CGGA_1378,Primary,GBM,WHO IV,Male,47.0,378.0,1.0,1.0,1.0,Wildtype,un-methylated,mRNAseq_693,12.41889117043121,1.0,0.0,0.0,"(43.0, 54.0]"
CGGA_1380,Primary,GBM,WHO IV,Male,46.0,291.0,1.0,1.0,1.0,Wildtype,methylated,mRNAseq_693,9.560574948665298,1.0,0.0,1.0,"(43.0, 54.0]"
CGGA_1382,Primary,GBM,WHO IV,Male,57.0,284.0,1.0,1.0,1.0,Wildtype,methylated,mRNAseq_693,9.3305954825462,1.0,0.0,1.0,"(54.0, 60.0]"
CGGA_139,Primary,GBM,WHO IV,Male,59.0,694.0,1.0,1.0,1.0,Mutant,un-methylated,mRNAseq_693,22.80082135523614,1.0,1.0,0.0,"(54.0, 60.0]"
CGGA_1391,Primary,GBM,WHO IV,Male,62.0,426.0,0.0,1.0,1.0,Wildtype,un-methylated,mRNAseq_693,13.9958932238193,1.0,0.0,0.0,"(60.0, 79.0]"
CGGA_1392,Primary,GBM,WHO IV,Male,62.0,473.0,1.0,1.0,1.0,Wildtype,un-methylated,mRNAseq_693,15.540041067761807,1.0,0.0,0.0,"(60.0, 79.0]"
CGGA_1402,Primary,GBM,WHO IV,Male,30.0,2742.0,0.0,1.0,1.0,Wildtype,methylated,mRNAseq_693,90.08624229979466,1.0,0.0,1.0,"(10.999, 43.0]"
CGGA_1403,Primary,GBM,WHO IV,Female,43.0,679.0,1.0,1.0,1.0,Wildtype,methylated,mRNAseq_693,22.308008213552363,0.0,0.0,1.0,"(10.999, 43.0]"
CGGA_1410,Primary,GBM,WHO IV,Female,27.0,825.0,1.0,1.0,1.0,Wildtype,methylated,mRNAseq_693,27.1047227926078,0.0,0.0,1.0,"(10.999, 43.0]"
CGGA_1418,Primary,GBM,WHO IV,Female,73.0,287.0,1.0,1.0,1.0,Wildtype,un-methylated,mRNAseq_693,9.429158110882955,0.0,0.0,0.0,"(60.0, 79.0]"
CGGA_1420,Primary,GBM,WHO IV,Male,60.0,364.0,1.0,1.0,1.0,Wildtype,methylated,mRNAseq_693,11.958932238193018,1.0,0.0,1.0,"(54.0, 60.0]"
CGGA_1422,Primary,GBM,WHO IV,Male,76.0,204.0,1.0,1.0,1.0,Wildtype,un-methylated,mRNAseq_693,6.702258726899384,1.0,0.0,0.0,"(60.0, 79.0]"
CGGA_1425,Primary,GBM,WHO IV,Female,22.0,640.0,1.0,1.0,1.0,Wildtype,methylated,mRNAseq_693,21.026694045174537,0.0,0.0,1.0,"(10.999, 43.0]"
CGGA_1426,Primary,GBM,WHO IV,Female,50.0,133.0,1.0,1.0,1.0,Wildtype,un-methylated,mRNAseq_693,4.369609856262834,0.0,0.0,0.0,"(43.0, 54.0]"
CGGA_1433,Primary,GBM,WHO IV,Female,72.0,394.0,1.0,1.0,1.0,Wildtype,un-methylated,mRNAseq_693,12.944558521560577,0.0,0.0,0.0,"(60.0, 79.0]"
CGGA_1441,Primary,GBM,WHO IV,Male,70.0,1882.0,1.0,1.0,1.0,Wildtype,methylated,mRNAseq_693,61.831622176591374,1.0,0.0,1.0,"(60.0, 79.0]"
CGGA_1444,Primary,GBM,WHO IV,Female,68.0,378.0,1.0,1.0,1.0,Wildtype,methylated,mRNAseq_693,12.41889117043121,0.0,0.0,1.0,"(60.0, 79.0]"
CGGA_1451,Primary,GBM,WHO IV,Female,45.0,438.0,1.0,1.0,1.0,Wildtype,un-methylated,mRNAseq_693,14.390143737166325,0.0,0.0,0.0,"(43.0, 54.0]"
CGGA_1452,Primary,GBM,WHO IV,Male,53.0,468.0,1.0,1.0,1.0,Wildtype,methylated,mRNAseq_693,15.37577002053388,1.0,0.0,1.0,"(43.0, 54.0]"
CGGA_1457,Primary,GBM,WHO IV,Male,60.0,312.0,1.0,1.0,1.0,Wildtype,methylated,mRNAseq_693,10.250513347022586,1.0,0.0,1.0,"(54.0, 60.0]"
CGGA_1461,Primary,GBM,WHO IV,Female,60.0,226.0,1.0,1.0,1.0,Wildtype,un-methylated,mRNAseq_693,7.425051334702259,0.0,0.0,0.0,"(54.0, 60.0]"
CGGA_1462,Primary,GBM,WHO IV,Male,49.0,174.0,1.0,1.0,1.0,Wildtype,methylated,mRNAseq_693,5.716632443531828,1.0,0.0,1.0,"(43.0, 54.0]"
CGGA_1467,Primary,GBM,WHO IV,Male,58.0,866.0,1.0,1.0,0.0,Mutant,un-methylated,mRNAseq_693,28.4517453798768,1.0,1.0,0.0,"(54.0, 60.0]"
CGGA_1472,Primary,GBM,WHO IV,Male,34.0,1025.0,1.0,0.0,0.0,,methylated,mRNAseq_693,33.67556468172484,1.0,,1.0,"(10.999, 43.0]"
CGGA_1476,Primary,GBM,WHO IV,Female,53.0,299.0,1.0,0.0,0.0,Wildtype,methylated,mRNAseq_693,9.82340862422998,0.0,0.0,1.0,"(43.0, 54.0]"
CGGA_1478,Primary,GBM,WHO IV,Female,72.0,542.0,1.0,1.0,1.0,Wildtype,methylated,mRNAseq_693,17.806981519507186,0.0,0.0,1.0,"(60.0, 79.0]"
CGGA_1481,Primary,GBM,WHO IV,Male,55.0,131.0,1.0,0.0,0.0,Wildtype,methylated,mRNAseq_693,4.303901437371663,1.0,0.0,1.0,"(54.0, 60.0]"
CGGA_1486,Primary,GBM,WHO IV,Male,45.0,184.0,1.0,1.0,1.0,Wildtype,methylated,mRNAseq_693,6.04517453798768,1.0,0.0,1.0,"(43.0, 54.0]"
CGGA_1491,Primary,GBM,WHO IV,Male,29.0,246.0,1.0,1.0,1.0,Mutant,un-methylated,mRNAseq_693,8.082135523613964,1.0,1.0,0.0,"(10.999, 43.0]"
CGGA_1494,Primary,GBM,WHO IV,Male,21.0,269.0,1.0,1.0,1.0,Wildtype,methylated,mRNAseq_693,8.837782340862423,1.0,0.0,1.0,"(10.999, 43.0]"
CGGA_1500,Primary,GBM,WHO IV,Female,45.0,108.0,1.0,1.0,1.0,Wildtype,un-methylated,mRNAseq_693,3.5482546201232035,0.0,0.0,0.0,"(43.0, 54.0]"
CGGA_1501,Primary,GBM,WHO IV,Male,58.0,222.0,1.0,1.0,1.0,,methylated,mRNAseq_693,7.293634496919918,1.0,,1.0,"(54.0, 60.0]"
CGGA_1503,Primary,GBM,WHO IV,Male,47.0,777.0,1.0,1.0,1.0,Wildtype,un-methylated,mRNAseq_693,25.527720739219717,1.0,0.0,0.0,"(43.0, 54.0]"
CGGA_1521,Primary,GBM,WHO IV,Female,63.0,205.0,1.0,1.0,1.0,Wildtype,methylated,mRNAseq_693,6.7351129363449695,0.0,0.0,1.0,"(60.0, 79.0]"
CGGA_1529,Primary,GBM,WHO IV,Male,63.0,583.0,1.0,,,Wildtype,un-methylated,mRNAseq_693,19.15400410677618,1.0,0.0,0.0,"(60.0, 79.0]"
CGGA_1534,Primary,GBM,WHO IV,Female,58.0,27.0,1.0,0.0,0.0,Mutant,un-methylated,mRNAseq_693,0.8870636550308009,0.0,1.0,0.0,"(54.0, 60.0]"
CGGA_1537,Primary,GBM,WHO IV,Male,73.0,97.0,1.0,0.0,0.0,Wildtype,methylated,mRNAseq_693,3.186858316221766,1.0,0.0,1.0,"(60.0, 79.0]"
CGGA_1539,Primary,GBM,WHO IV,Male,61.0,2462.0,0.0,1.0,1.0,Mutant,methylated,mRNAseq_693,80.8870636550308,1.0,1.0,1.0,"(60.0, 79.0]"
CGGA_1542,Primary,GBM,WHO IV,Male,26.0,184.0,0.0,1.0,1.0,Mutant,un-methylated,mRNAseq_693,6.04517453798768,1.0,1.0,0.0,"(10.999, 43.0]"
CGGA_1543,Primary,GBM,WHO IV,Male,57.0,723.0,1.0,1.0,0.0,Mutant,un-methylated,mRNAseq_693,23.753593429158112,1.0,1.0,0.0,"(54.0, 60.0]"
CGGA_1546,Primary,GBM,WHO IV,Male,56.0,223.0,1.0,0.0,1.0,Wildtype,un-methylated,mRNAseq_693,7.326488706365503,1.0,0.0,0.0,"(54.0, 60.0]"
CGGA_1548,Primary,GBM,WHO IV,Male,53.0,1054.0,1.0,1.0,1.0,Wildtype,un-methylated,mRNAseq_693,34.62833675564682,1.0,0.0,0.0,"(43.0, 54.0]"
CGGA_1551,Primary,GBM,WHO IV,Female,50.0,347.0,1.0,1.0,1.0,,un-methylated,mRNAseq_693,11.40041067761807,0.0,,0.0,"(43.0, 54.0]"
CGGA_1559,Primary,GBM,WHO IV,Male,63.0,603.0,1.0,0.0,1.0,Mutant,methylated,mRNAseq_693,19.811088295687885,1.0,1.0,1.0,"(60.0, 79.0]"
CGGA_1560,Primary,GBM,WHO IV,Female,35.0,459.0,1.0,1.0,1.0,Mutant,methylated,mRNAseq_693,15.080082135523616,0.0,1.0,1.0,"(10.999, 43.0]"
CGGA_1564,Primary,GBM,WHO IV,Male,48.0,190.0,1.0,1.0,1.0,Wildtype,un-methylated,mRNAseq_693,6.242299794661191,1.0,0.0,0.0,"(43.0, 54.0]"
CGGA_1571,Primary,GBM,WHO IV,Female,43.0,412.0,0.0,1.0,1.0,Mutant,methylated,mRNAseq_693,13.535934291581109,0.0,1.0,1.0,"(10.999, 43.0]"
CGGA_1586,Primary,GBM,WHO IV,Female,55.0,232.0,1.0,1.0,1.0,Wildtype,un-methylated,mRNAseq_693,7.62217659137577,0.0,0.0,0.0,"(54.0, 60.0]"
CGGA_1595,Primary,GBM,WHO IV,Female,34.0,2363.0,0.0,1.0,1.0,,un-methylated,mRNAseq_693,77.63449691991786,0.0,,0.0,"(10.999, 43.0]"
CGGA_1596,Primary,GBM,WHO IV,Male,63.0,205.0,1.0,1.0,1.0,Wildtype,methylated,mRNAseq_693,6.7351129363449695,1.0,0.0,1.0,"(60.0, 79.0]"
CGGA_1597,Primary,GBM,WHO IV,Male,58.0,174.0,1.0,1.0,0.0,Wildtype,methylated,mRNAseq_693,5.716632443531828,1.0,0.0,1.0,"(54.0, 60.0]"
CGGA_1601,Primary,GBM,WHO IV,Male,66.0,710.0,1.0,1.0,1.0,Wildtype,methylated,mRNAseq_693,23.326488706365502,1.0,0.0,1.0,"(60.0, 79.0]"
CGGA_1612,Primary,GBM,WHO IV,Male,68.0,718.0,1.0,1.0,1.0,Wildtype,un-methylated,mRNAseq_693,23.589322381930184,1.0,0.0,0.0,"(60.0, 79.0]"
CGGA_1613,Primary,GBM,WHO IV,Male,53.0,250.0,0.0,1.0,1.0,Wildtype,methylated,mRNAseq_693,8.213552361396303,1.0,0.0,1.0,"(43.0, 54.0]"
CGGA_1626,Primary,GBM,WHO IV,Male,66.0,696.0,1.0,1.0,1.0,Wildtype,un-methylated,mRNAseq_693,22.86652977412731,1.0,0.0,0.0,"(60.0, 79.0]"
CGGA_1634,Primary,GBM,WHO IV,Female,26.0,366.0,1.0,0.0,0.0,Wildtype,methylated,mRNAseq_693,12.02464065708419,0.0,0.0,1.0,"(10.999, 43.0]"
CGGA_1635,Primary,GBM,WHO IV,Female,43.0,332.0,1.0,1.0,1.0,Wildtype,un-methylated,mRNAseq_693,10.907597535934292,0.0,0.0,0.0,"(10.999, 43.0]"
CGGA_1644,Primary,GBM,WHO IV,Male,48.0,173.0,1.0,1.0,1.0,Wildtype,methylated,mRNAseq_693,5.683778234086242,1.0,0.0,1.0,"(43.0, 54.0]"
CGGA_1650,Primary,GBM,WHO IV,Male,36.0,1283.0,1.0,1.0,1.0,Mutant,methylated,mRNAseq_693,42.15195071868583,1.0,1.0,1.0,"(10.999, 43.0]"
CGGA_1666,Primary,GBM,WHO IV,Male,60.0,249.0,1.0,1.0,1.0,Wildtype,methylated,mRNAseq_693,8.180698151950718,1.0,0.0,1.0,"(54.0, 60.0]"
CGGA_1678,Primary,GBM,WHO IV,Male,51.0,657.0,1.0,1.0,1.0,Wildtype,methylated,mRNAseq_693,21.58521560574949,1.0,0.0,1.0,"(43.0, 54.0]"
CGGA_1681,Primary,GBM,WHO IV,Female,58.0,346.0,1.0,1.0,1.0,Wildtype,methylated,mRNAseq_693,11.367556468172484,0.0,0.0,1.0,"(54.0, 60.0]"
CGGA_1687,Primary,GBM,WHO IV,Male,14.0,2118.0,0.0,1.0,1.0,Wildtype,un-methylated,mRNAseq_693,69.58521560574948,1.0,0.0,0.0,"(10.999, 43.0]"
CGGA_1690,Primary,GBM,WHO IV,Male,60.0,592.0,1.0,1.0,1.0,Wildtype,un-methylated,mRNAseq_693,19.449691991786448,1.0,0.0,0.0,"(54.0, 60.0]"
CGGA_1694,Primary,GBM,WHO IV,Male,55.0,624.0,1.0,1.0,1.0,Wildtype,un-methylated,mRNAseq_693,20.501026694045173,1.0,0.0,0.0,"(54.0, 60.0]"
CGGA_1698,Primary,GBM,WHO IV,Female,55.0,388.0,1.0,0.0,0.0,Wildtype,methylated,mRNAseq_693,12.747433264887064,0.0,0.0,1.0,"(54.0, 60.0]"
CGGA_1699,Primary,GBM,WHO IV,Female,41.0,2088.0,0.0,0.0,1.0,Mutant,un-methylated,mRNAseq_693,68.59958932238193,0.0,1.0,0.0,"(10.999, 43.0]"
CGGA_1706,Primary,GBM,WHO IV,Male,60.0,2068.0,0.0,1.0,1.0,Wildtype,,mRNAseq_693,67.94250513347022,1.0,0.0,,"(54.0, 60.0]"
CGGA_1708,Primary,GBM,WHO IV,Female,54.0,1122.0,1.0,1.0,1.0,Wildtype,methylated,mRNAseq_693,36.86242299794661,0.0,0.0,1.0,"(43.0, 54.0]"
CGGA_1709,Primary,GBM,WHO IV,Male,47.0,415.0,1.0,1.0,1.0,Wildtype,un-methylated,mRNAseq_693,13.634496919917863,1.0,0.0,0.0,"(43.0, 54.0]"
CGGA_1713,Primary,GBM,WHO IV,Male,62.0,332.0,1.0,1.0,1.0,Wildtype,methylated,mRNAseq_693,10.907597535934292,1.0,0.0,1.0,"(60.0, 79.0]"
CGGA_1722,Primary,GBM,WHO IV,Female,60.0,349.0,1.0,1.0,1.0,Wildtype,un-methylated,mRNAseq_693,11.46611909650924,0.0,0.0,0.0,"(54.0, 60.0]"
CGGA_1727,Primary,GBM,WHO IV,Male,48.0,1980.0,0.0,1.0,1.0,Mutant,un-methylated,mRNAseq_693,65.05133470225873,1.0,1.0,0.0,"(43.0, 54.0]"
CGGA_1728,Primary,GBM,WHO IV,Male,45.0,917.0,1.0,1.0,1.0,Mutant,un-methylated,mRNAseq_693,30.127310061601644,1.0,1.0,0.0,"(43.0, 54.0]"
CGGA_1735,Primary,GBM,WHO IV,Male,54.0,813.0,1.0,1.0,1.0,Wildtype,un-methylated,mRNAseq_693,26.71047227926078,1.0,0.0,0.0,"(43.0, 54.0]"
CGGA_1736,Primary,GBM,WHO IV,Female,57.0,938.0,1.0,1.0,1.0,Wildtype,un-methylated,mRNAseq_693,30.81724845995893,0.0,0.0,0.0,"(54.0, 60.0]"
CGGA_1740,Primary,GBM,WHO IV,Female,50.0,363.0,1.0,0.0,0.0,Wildtype,methylated,mRNAseq_693,11.926078028747432,0.0,0.0,1.0,"(43.0, 54.0]"
CGGA_1744,Primary,GBM,WHO IV,Male,51.0,1936.0,0.0,1.0,1.0,,methylated,mRNAseq_693,63.605749486652975,1.0,,1.0,"(43.0, 54.0]"
CGGA_1749,Primary,GBM,WHO IV,Female,44.0,401.0,1.0,1.0,1.0,Wildtype,un-methylated,mRNAseq_693,13.174537987679672,0.0,0.0,0.0,"(43.0, 54.0]"
CGGA_1750,Primary,GBM,WHO IV,Female,52.0,250.0,1.0,1.0,1.0,Wildtype,methylated,mRNAseq_693,8.213552361396303,0.0,0.0,1.0,"(43.0, 54.0]"
CGGA_1758,Primary,GBM,WHO IV,Female,45.0,414.0,1.0,1.0,1.0,Wildtype,methylated,mRNAseq_693,13.60164271047228,0.0,0.0,1.0,"(43.0, 54.0]"
CGGA_1764,Primary,GBM,WHO IV,Male,33.0,710.0,1.0,1.0,1.0,Mutant,un-methylated,mRNAseq_693,23.326488706365502,1.0,1.0,0.0,"(10.999, 43.0]"
CGGA_1767,Primary,GBM,WHO IV,Male,63.0,86.0,1.0,0.0,0.0,Wildtype,methylated,mRNAseq_693,2.8254620123203287,1.0,0.0,1.0,"(60.0, 79.0]"
CGGA_1769,Primary,GBM,WHO IV,Female,49.0,1854.0,0.0,0.0,1.0,Wildtype,methylated,mRNAseq_693,60.91170431211499,0.0,0.0,1.0,"(43.0, 54.0]"
CGGA_1780,Primary,GBM,WHO IV,Female,57.0,1826.0,0.0,0.0,1.0,Wildtype,,mRNAseq_693,59.9917864476386,0.0,0.0,,"(54.0, 60.0]"
CGGA_1807,Primary,GBM,WHO IV,Female,65.0,247.0,1.0,,,Wildtype,methylated,mRNAseq_693,8.114989733059549,0.0,0.0,1.0,"(60.0, 79.0]"
CGGA_1812,Primary,GBM,WHO IV,Male,65.0,780.0,1.0,,,Wildtype,un-methylated,mRNAseq_693,25.626283367556468,1.0,0.0,0.0,"(60.0, 79.0]"
CGGA_1817,Primary,GBM,WHO IV,Female,72.0,399.0,1.0,1.0,1.0,Wildtype,methylated,mRNAseq_693,13.1088295687885,0.0,0.0,1.0,"(60.0, 79.0]"
CGGA_1819,Primary,GBM,WHO IV,Male,55.0,1005.0,1.0,0.0,1.0,Wildtype,methylated,mRNAseq_693,33.01848049281314,1.0,0.0,1.0,"(54.0, 60.0]"
CGGA_1826,Primary,GBM,WHO IV,Female,70.0,44.0,1.0,0.0,0.0,Wildtype,methylated,mRNAseq_693,1.4455852156057496,0.0,0.0,1.0,"(60.0, 79.0]"
CGGA_1833,Primary,GBM,WHO IV,Female,60.0,494.0,1.0,1.0,1.0,Wildtype,methylated,mRNAseq_693,16.229979466119097,0.0,0.0,1.0,"(54.0, 60.0]"
CGGA_1840,Primary,GBM,WHO IV,Female,58.0,1179.0,0.0,1.0,1.0,Wildtype,methylated,mRNAseq_693,38.73511293634497,0.0,0.0,1.0,"(54.0, 60.0]"
CGGA_1866,Primary,GBM,WHO IV,Male,68.0,127.0,1.0,1.0,1.0,Wildtype,un-methylated,mRNAseq_693,4.172484599589322,1.0,0.0,0.0,"(60.0, 79.0]"
CGGA_1870,Primary,GBM,WHO IV,Male,62.0,1556.0,0.0,1.0,1.0,Mutant,un-methylated,mRNAseq_693,51.1211498973306,1.0,1.0,0.0,"(60.0, 79.0]"
CGGA_1901,Primary,GBM,WHO IV,Male,60.0,540.0,1.0,1.0,1.0,Wildtype,methylated,mRNAseq_693,17.741273100616016,1.0,0.0,1.0,"(54.0, 60.0]"
CGGA_509,Primary,GBM,WHO IV,Male,38.0,623.0,1.0,1.0,0.0,Wildtype,un-methylated,mRNAseq_693,20.468172484599588,1.0,0.0,0.0,"(10.999, 43.0]"
CGGA_831,Primary,GBM,WHO IV,Female,55.0,546.0,1.0,1.0,1.0,Wildtype,un-methylated,mRNAseq_693,17.93839835728953,0.0,0.0,0.0,"(54.0, 60.0]"
CGGA_P100,Primary,GBM,WHO IV,Male,67.0,268.0,1.0,,,Wildtype,,mRNAseq_693,8.804928131416839,1.0,0.0,,"(60.0, 79.0]"
CGGA_P102,Primary,GBM,WHO IV,Male,30.0,1269.0,1.0,1.0,1.0,Mutant,,mRNAseq_693,41.69199178644764,1.0,1.0,,"(10.999, 43.0]"
CGGA_P112,Primary,GBM,WHO IV,Male,65.0,834.0,1.0,1.0,1.0,Wildtype,,mRNAseq_693,27.40041067761807,1.0,0.0,,"(60.0, 79.0]"
CGGA_P116,Primary,GBM,WHO IV,Male,58.0,305.0,1.0,1.0,,Wildtype,,mRNAseq_693,10.020533880903493,1.0,0.0,,"(54.0, 60.0]"
CGGA_P136,Primary,GBM,WHO IV,Female,41.0,842.0,1.0,1.0,1.0,Wildtype,,mRNAseq_693,27.66324435318275,0.0,0.0,,"(10.999, 43.0]"
CGGA_P143,Primary,GBM,WHO IV,Female,66.0,261.0,1.0,1.0,1.0,Wildtype,,mRNAseq_693,8.574948665297741,0.0,0.0,,"(60.0, 79.0]"
CGGA_P15,Primary,GBM,WHO IV,Male,49.0,723.0,1.0,1.0,1.0,,,mRNAseq_693,23.753593429158112,1.0,,,"(43.0, 54.0]"
CGGA_P160,Primary,GBM,WHO IV,Female,72.0,219.0,1.0,1.0,1.0,Wildtype,,mRNAseq_693,7.195071868583162,0.0,0.0,,"(60.0, 79.0]"
CGGA_P164,Primary,GBM,WHO IV,Male,27.0,1553.0,0.0,1.0,1.0,Wildtype,,mRNAseq_693,51.02258726899384,1.0,0.0,,"(10.999, 43.0]"
CGGA_P178,Primary,GBM,WHO IV,Female,52.0,1442.0,0.0,1.0,1.0,Wildtype,methylated,mRNAseq_693,47.37577002053388,0.0,0.0,1.0,"(43.0, 54.0]"
CGGA_P180,Primary,GBM,WHO IV,Male,47.0,260.0,1.0,1.0,1.0,Mutant,,mRNAseq_693,8.542094455852157,1.0,1.0,,"(43.0, 54.0]"
CGGA_P205,Primary,GBM,WHO IV,Male,66.0,583.0,1.0,1.0,1.0,Wildtype,,mRNAseq_693,19.15400410677618,1.0,0.0,,"(60.0, 79.0]"
CGGA_P22,Primary,GBM,WHO IV,Male,62.0,406.0,1.0,1.0,1.0,Wildtype,,mRNAseq_693,13.338809034907598,1.0,0.0,,"(60.0, 79.0]"
CGGA_P25,Primary,GBM,WHO IV,Male,64.0,147.0,1.0,1.0,1.0,Wildtype,,mRNAseq_693,4.829568788501026,1.0,0.0,,"(60.0, 79.0]"
CGGA_P28,Primary,GBM,WHO IV,Male,61.0,107.0,1.0,0.0,0.0,Wildtype,,mRNAseq_693,3.515400410677618,1.0,0.0,,"(60.0, 79.0]"
CGGA_P609,Primary,GBM,WHO IV,Female,19.0,726.0,0.0,1.0,1.0,Wildtype,un-methylated,mRNAseq_693,23.852156057494867,0.0,0.0,0.0,"(10.999, 43.0]"
CGGA_1001,Primary,GBM,WHO IV,Male,11.0,3817.0,0.0,0.0,1.0,Wildtype,un-methylated,mRNAseq_325,125.40451745379876,1.0,0.0,0.0,"(10.999, 43.0]"
CGGA_1007,Primary,GBM,WHO IV,Female,57.0,345.0,1.0,1.0,1.0,Wildtype,un-methylated,mRNAseq_325,11.3347022587269,0.0,0.0,0.0,"(54.0, 60.0]"
CGGA_1011,Primary,GBM,WHO IV,Female,46.0,109.0,1.0,1.0,0.0,Wildtype,un-methylated,mRNAseq_325,3.5811088295687883,0.0,0.0,0.0,"(43.0, 54.0]"
CGGA_1015,Primary,GBM,WHO IV,Male,62.0,164.0,1.0,1.0,0.0,Wildtype,un-methylated,mRNAseq_325,5.388090349075975,1.0,0.0,0.0,"(60.0, 79.0]"
CGGA_1023,Primary,GBM,WHO IV,Female,56.0,681.0,1.0,1.0,1.0,Wildtype,un-methylated,mRNAseq_325,22.37371663244353,0.0,0.0,0.0,"(54.0, 60.0]"
CGGA_1024,Primary,GBM,WHO IV,Male,64.0,3074.0,1.0,1.0,1.0,Wildtype,methylated,mRNAseq_325,100.99383983572896,1.0,0.0,1.0,"(60.0, 79.0]"
CGGA_1026,Primary,GBM,WHO IV,Male,57.0,1570.0,1.0,1.0,1.0,Wildtype,methylated,mRNAseq_325,51.58110882956879,1.0,0.0,1.0,"(54.0, 60.0]"
CGGA_1035,Primary,GBM,WHO IV,Female,60.0,567.0,1.0,1.0,0.0,Wildtype,methylated,mRNAseq_325,18.628336755646817,0.0,0.0,1.0,"(54.0, 60.0]"
CGGA_1039,Primary,GBM,WHO IV,Male,40.0,727.0,1.0,0.0,1.0,Wildtype,methylated,mRNAseq_325,23.88501026694045,1.0,0.0,1.0,"(10.999, 43.0]"
CGGA_1045,Primary,GBM,WHO IV,Male,79.0,348.0,1.0,1.0,1.0,Wildtype,un-methylated,mRNAseq_325,11.433264887063656,1.0,0.0,0.0,"(60.0, 79.0]"
CGGA_1049,Primary,GBM,WHO IV,Male,58.0,809.0,1.0,1.0,1.0,Wildtype,un-methylated,mRNAseq_325,26.57905544147844,1.0,0.0,0.0,"(54.0, 60.0]"
CGGA_1072,Primary,GBM,WHO IV,Male,26.0,1090.0,1.0,1.0,1.0,Wildtype,un-methylated,mRNAseq_325,35.81108829568789,1.0,0.0,0.0,"(10.999, 43.0]"
CGGA_1077,Primary,GBM,WHO IV,Male,47.0,591.0,1.0,1.0,0.0,Wildtype,un-methylated,mRNAseq_325,19.416837782340863,1.0,0.0,0.0,"(43.0, 54.0]"
CGGA_1083,Primary,GBM,WHO IV,Male,59.0,450.0,1.0,1.0,1.0,Wildtype,un-methylated,mRNAseq_325,14.784394250513348,1.0,0.0,0.0,"(54.0, 60.0]"
CGGA_1091,Primary,GBM,WHO IV,Female,51.0,1116.0,1.0,1.0,1.0,Wildtype,methylated,mRNAseq_325,36.6652977412731,0.0,0.0,1.0,"(43.0, 54.0]"
CGGA_1109,Primary,GBM,WHO IV,Male,42.0,1348.0,1.0,,,Wildtype,un-methylated,mRNAseq_325,44.28747433264887,1.0,0.0,0.0,"(10.999, 43.0]"
CGGA_1124,Primary,GBM,WHO IV,Male,47.0,484.0,1.0,1.0,1.0,Wildtype,un-methylated,mRNAseq_325,15.901437371663244,1.0,0.0,0.0,"(43.0, 54.0]"
CGGA_1139,Primary,GBM,WHO IV,Female,53.0,1196.0,1.0,1.0,1.0,Wildtype,methylated,mRNAseq_325,39.29363449691992,0.0,0.0,1.0,"(43.0, 54.0]"
CGGA_1171,Primary,GBM,WHO IV,Male,40.0,412.0,1.0,1.0,0.0,Wildtype,methylated,mRNAseq_325,13.535934291581109,1.0,0.0,1.0,"(10.999, 43.0]"
CGGA_1180,Primary,GBM,WHO IV,Female,48.0,1226.0,0.0,1.0,1.0,Wildtype,un-methylated,mRNAseq_325,40.27926078028747,0.0,0.0,0.0,"(43.0, 54.0]"
CGGA_1214,Primary,GBM,WHO IV,Female,49.0,604.0,1.0,1.0,1.0,Wildtype,methylated,mRNAseq_325,19.84394250513347,0.0,0.0,1.0,"(43.0, 54.0]"
CGGA_1216,Primary,GBM,WHO IV,Male,44.0,312.0,1.0,1.0,1.0,Wildtype,methylated,mRNAseq_325,10.250513347022586,1.0,0.0,1.0,"(43.0, 54.0]"
CGGA_1224,Primary,GBM,WHO IV,Male,57.0,271.0,1.0,1.0,1.0,Wildtype,un-methylated,mRNAseq_325,8.903490759753593,1.0,0.0,0.0,"(54.0, 60.0]"
CGGA_1234,Primary,GBM,WHO IV,Male,32.0,705.0,1.0,1.0,1.0,Wildtype,un-methylated,mRNAseq_325,23.16221765913758,1.0,0.0,0.0,"(10.999, 43.0]"
CGGA_1237,Primary,GBM,WHO IV,Male,62.0,296.0,1.0,1.0,1.0,Wildtype,un-methylated,mRNAseq_325,9.724845995893224,1.0,0.0,0.0,"(60.0, 79.0]"
CGGA_1240,Primary,GBM,WHO IV,Male,33.0,19.0,1.0,0.0,0.0,Wildtype,un-methylated,mRNAseq_325,0.6242299794661191,1.0,0.0,0.0,"(10.999, 43.0]"
CGGA_1251,Primary,GBM,WHO IV,Female,42.0,272.0,1.0,1.0,1.0,Wildtype,un-methylated,mRNAseq_325,8.936344969199178,0.0,0.0,0.0,"(10.999, 43.0]"
CGGA_1258,Primary,GBM,WHO IV,Male,42.0,114.0,1.0,0.0,0.0,Wildtype,un-methylated,mRNAseq_325,3.7453798767967146,1.0,0.0,0.0,"(10.999, 43.0]"
CGGA_1270,Primary,GBM,WHO IV,Female,60.0,188.0,1.0,1.0,1.0,Wildtype,un-methylated,mRNAseq_325,6.176591375770021,0.0,0.0,0.0,"(54.0, 60.0]"
CGGA_1299,Primary,GBM,WHO IV,Male,54.0,550.0,1.0,1.0,1.0,Wildtype,un-methylated,mRNAseq_325,18.069815195071868,1.0,0.0,0.0,"(43.0, 54.0]"
CGGA_1313,Primary,GBM,WHO IV,Male,42.0,379.0,1.0,1.0,1.0,Wildtype,un-methylated,mRNAseq_325,12.451745379876796,1.0,0.0,0.0,"(10.999, 43.0]"
CGGA_1320,Primary,GBM,WHO IV,Male,19.0,59.0,1.0,0.0,1.0,Wildtype,un-methylated,mRNAseq_325,1.938398357289528,1.0,0.0,0.0,"(10.999, 43.0]"
CGGA_1332,Primary,GBM,WHO IV,Female,55.0,510.0,0.0,0.0,1.0,Wildtype,methylated,mRNAseq_325,16.75564681724846,0.0,0.0,1.0,"(54.0, 60.0]"
CGGA_1338,Primary,GBM,WHO IV,Female,61.0,1122.0,1.0,1.0,1.0,Wildtype,methylated,mRNAseq_325,36.86242299794661,0.0,0.0,1.0,"(60.0, 79.0]"
CGGA_1342,Primary,GBM,WHO IV,Male,47.0,186.0,1.0,1.0,1.0,Wildtype,un-methylated,mRNAseq_325,6.11088295687885,1.0,0.0,0.0,"(43.0, 54.0]"
CGGA_274,Primary,GBM,WHO IV,Female,55.0,610.0,0.0,1.0,1.0,Wildtype,un-methylated,mRNAseq_325,20.041067761806985,0.0,0.0,0.0,"(54.0, 60.0]"
CGGA_413,Primary,GBM,WHO IV,Male,54.0,183.0,0.0,1.0,1.0,Wildtype,un-methylated,mRNAseq_325,6.012320328542095,1.0,0.0,0.0,"(43.0, 54.0]"
CGGA_483,Primary,GBM,WHO IV,Female,59.0,277.0,1.0,1.0,1.0,Wildtype,un-methylated,mRNAseq_325,9.100616016427104,0.0,0.0,0.0,"(54.0, 60.0]"
CGGA_494,Primary,GBM,WHO IV,Female,58.0,4435.0,0.0,1.0,1.0,Wildtype,methylated,mRNAseq_325,145.70841889117042,0.0,0.0,1.0,"(54.0, 60.0]"
CGGA_499,Primary,GBM,WHO IV,Male,51.0,122.0,1.0,1.0,0.0,Wildtype,methylated,mRNAseq_325,4.008213552361396,1.0,0.0,1.0,"(43.0, 54.0]"
CGGA_525,Primary,GBM,WHO IV,Male,61.0,138.0,1.0,1.0,0.0,Wildtype,methylated,mRNAseq_325,4.53388090349076,1.0,0.0,1.0,"(60.0, 79.0]"
CGGA_604,Primary,GBM,WHO IV,Male,46.0,381.0,1.0,1.0,1.0,Wildtype,methylated,mRNAseq_325,12.517453798767969,1.0,0.0,1.0,"(43.0, 54.0]"
CGGA_658,Primary,GBM,WHO IV,Male,55.0,372.0,1.0,1.0,1.0,Wildtype,methylated,mRNAseq_325,12.2217659137577,1.0,0.0,1.0,"(54.0, 60.0]"
CGGA_676,Primary,GBM,WHO IV,Male,60.0,376.0,1.0,1.0,1.0,Wildtype,un-methylated,mRNAseq_325,12.35318275154004,1.0,0.0,0.0,"(54.0, 60.0]"
CGGA_679,Primary,GBM,WHO IV,Female,63.0,263.0,1.0,1.0,0.0,Wildtype,methylated,mRNAseq_325,8.640657084188911,0.0,0.0,1.0,"(60.0, 79.0]"
CGGA_680,Primary,GBM,WHO IV,Male,44.0,2373.0,1.0,1.0,1.0,Wildtype,un-methylated,mRNAseq_325,77.96303901437372,1.0,0.0,0.0,"(43.0, 54.0]"
CGGA_700,Primary,GBM,WHO IV,Female,24.0,170.0,0.0,1.0,1.0,Mutant,methylated,mRNAseq_325,5.585215605749487,0.0,1.0,1.0,"(10.999, 43.0]"
CGGA_731,Primary,GBM,WHO IV,Male,50.0,503.0,1.0,1.0,0.0,Wildtype,un-methylated,mRNAseq_325,16.525667351129364,1.0,0.0,0.0,"(43.0, 54.0]"
CGGA_782,Primary,GBM,WHO IV,Male,60.0,289.0,1.0,1.0,0.0,Wildtype,un-methylated,mRNAseq_325,9.494866529774129,1.0,0.0,0.0,"(54.0, 60.0]"
CGGA_789,Primary,GBM,WHO IV,Male,50.0,345.0,1.0,1.0,0.0,Wildtype,un-methylated,mRNAseq_325,11.3347022587269,1.0,0.0,0.0,"(43.0, 54.0]"
CGGA_802,Primary,GBM,WHO IV,Male,42.0,681.0,1.0,1.0,1.0,Wildtype,un-methylated,mRNAseq_325,22.37371663244353,1.0,0.0,0.0,"(10.999, 43.0]"
CGGA_804,Primary,GBM,WHO IV,Female,53.0,614.0,0.0,1.0,1.0,Wildtype,methylated,mRNAseq_325,20.17248459958932,0.0,0.0,1.0,"(43.0, 54.0]"
CGGA_808,Primary,GBM,WHO IV,Male,38.0,1167.0,0.0,1.0,1.0,Wildtype,un-methylated,mRNAseq_325,38.34086242299794,1.0,0.0,0.0,"(10.999, 43.0]"
CGGA_837,Primary,GBM,WHO IV,Male,57.0,432.0,1.0,1.0,1.0,Wildtype,methylated,mRNAseq_325,14.193018480492814,1.0,0.0,1.0,"(54.0, 60.0]"
CGGA_842,Primary,GBM,WHO IV,Female,63.0,204.0,1.0,1.0,1.0,Wildtype,un-methylated,mRNAseq_325,6.702258726899384,0.0,0.0,0.0,"(60.0, 79.0]"
CGGA_848,Primary,GBM,WHO IV,Female,54.0,239.0,0.0,1.0,1.0,Wildtype,un-methylated,mRNAseq_325,7.852156057494867,0.0,0.0,0.0,"(43.0, 54.0]"
CGGA_850,Primary,GBM,WHO IV,Female,52.0,564.0,0.0,0.0,0.0,Wildtype,un-methylated,mRNAseq_325,18.529774127310063,0.0,0.0,0.0,"(43.0, 54.0]"
CGGA_859,Primary,GBM,WHO IV,Male,56.0,387.0,1.0,1.0,0.0,Wildtype,un-methylated,mRNAseq_325,12.714579055441478,1.0,0.0,0.0,"(54.0, 60.0]"
CGGA_876,Primary,GBM,WHO IV,Female,60.0,159.0,1.0,,,Wildtype,un-methylated,mRNAseq_325,5.223819301848049,0.0,0.0,0.0,"(54.0, 60.0]"
CGGA_878,Primary,GBM,WHO IV,Male,42.0,863.0,1.0,0.0,1.0,Wildtype,un-methylated,mRNAseq_325,28.35318275154004,1.0,0.0,0.0,"(10.999, 43.0]"
CGGA_902,Primary,GBM,WHO IV,Male,54.0,193.0,1.0,,,Wildtype,un-methylated,mRNAseq_325,6.340862422997946,1.0,0.0,0.0,"(43.0, 54.0]"
CGGA_D03,Primary,GBM,WHO IV,Male,44.0,423.0,1.0,1.0,1.0,Wildtype,methylated,mRNAseq_325,13.897330595482549,1.0,0.0,1.0,"(43.0, 54.0]"
CGGA_D09,Primary,GBM,WHO IV,Male,57.0,233.0,1.0,1.0,0.0,Wildtype,un-methylated,mRNAseq_325,7.655030800821355,1.0,0.0,0.0,"(54.0, 60.0]"
CGGA_D35,Primary,GBM,WHO IV,Female,68.0,661.0,1.0,1.0,0.0,Wildtype,methylated,mRNAseq_325,21.71663244353183,0.0,0.0,1.0,"(60.0, 79.0]"
CGGA_D37,Primary,GBM,WHO IV,Male,55.0,965.0,1.0,1.0,1.0,Wildtype,un-methylated,mRNAseq_325,31.704312114989733,1.0,0.0,0.0,"(54.0, 60.0]"
CGGA_D57,Primary,GBM,WHO IV,Male,40.0,766.0,1.0,1.0,1.0,Wildtype,,mRNAseq_325,25.16632443531828,1.0,0.0,,"(10.999, 43.0]"
CGGA_342,Primary,GBM,WHO IV,Female,49.0,500.0,1.0,1.0,1.0,Wildtype,methylated,mRNAseq_325,16.427104722792606,0.0,0.0,1.0,"(43.0, 54.0]"
CGGA_1219,Primary,GBM,WHO IV,Female,57.0,2120.0,1.0,1.0,1.0,Mutant,methylated,mRNAseq_325,69.65092402464066,0.0,1.0,1.0,"(54.0, 60.0]"
CGGA_1287,Primary,GBM,WHO IV,Male,29.0,533.0,1.0,1.0,1.0,Mutant,un-methylated,mRNAseq_325,17.51129363449692,1.0,1.0,0.0,"(10.999, 43.0]"
CGGA_1314,Primary,GBM,WHO IV,Female,27.0,172.0,1.0,0.0,0.0,Mutant,methylated,mRNAseq_325,5.650924024640657,0.0,1.0,1.0,"(10.999, 43.0]"
CGGA_1384,Primary,GBM,WHO IV,Female,39.0,191.0,1.0,1.0,1.0,Mutant,methylated,mRNAseq_325,6.275154004106776,0.0,1.0,1.0,"(10.999, 43.0]"
CGGA_1409,Primary,GBM,WHO IV,Female,24.0,2727.0,0.0,0.0,1.0,Mutant,un-methylated,mRNAseq_325,89.59342915811088,0.0,1.0,0.0,"(10.999, 43.0]"
CGGA_491,Primary,GBM,WHO IV,Female,36.0,1074.0,1.0,1.0,1.0,Mutant,methylated,mRNAseq_325,35.285420944558524,0.0,1.0,1.0,"(10.999, 43.0]"
CGGA_710,Primary,GBM,WHO IV,Male,41.0,660.0,1.0,0.0,1.0,Mutant,methylated,mRNAseq_325,21.683778234086244,1.0,1.0,1.0,"(10.999, 43.0]"
CGGA_747,Primary,GBM,WHO IV,Male,29.0,970.0,1.0,1.0,1.0,Mutant,methylated,mRNAseq_325,31.86858316221766,1.0,1.0,1.0,"(10.999, 43.0]"
CGGA_761,Primary,GBM,WHO IV,Male,45.0,1840.0,1.0,1.0,0.0,Mutant,methylated,mRNAseq_325,60.4517453798768,1.0,1.0,1.0,"(43.0, 54.0]"
CGGA_1008,Primary,GBM,WHO IV,Female,54.0,315.0,1.0,1.0,1.0,Wildtype,un-methylated,mRNAseq_325,10.349075975359344,0.0,0.0,0.0,"(43.0, 54.0]"
CGGA_1053,Primary,GBM,WHO IV,Female,63.0,370.0,1.0,1.0,1.0,Wildtype,un-methylated,mRNAseq_325,12.15605749486653,0.0,0.0,0.0,"(60.0, 79.0]"
CGGA_1070,Primary,GBM,WHO IV,Male,37.0,333.0,1.0,1.0,1.0,Wildtype,un-methylated,mRNAseq_325,10.940451745379876,1.0,0.0,0.0,"(10.999, 43.0]"
CGGA_1073,Primary,GBM,WHO IV,Female,42.0,270.0,1.0,1.0,1.0,Wildtype,un-methylated,mRNAseq_325,8.870636550308008,0.0,0.0,0.0,"(10.999, 43.0]"
CGGA_1074,Primary,GBM,WHO IV,Male,50.0,86.0,1.0,1.0,1.0,Wildtype,methylated,mRNAseq_325,2.8254620123203287,1.0,0.0,1.0,"(43.0, 54.0]"
CGGA_1114,Primary,GBM,WHO IV,Male,53.0,460.0,1.0,1.0,1.0,Wildtype,un-methylated,mRNAseq_325,15.1129363449692,1.0,0.0,0.0,"(43.0, 54.0]"
CGGA_1275,Primary,GBM,WHO IV,Male,70.0,183.0,1.0,1.0,1.0,Wildtype,un-methylated,mRNAseq_325,6.012320328542095,1.0,0.0,0.0,"(60.0, 79.0]"
CGGA_759,Primary,GBM,WHO IV,Male,30.0,1263.0,1.0,1.0,0.0,Mutant,methylated,mRNAseq_325,41.49486652977413,1.0,1.0,1.0,"(10.999, 43.0]"
CGGA_D30,Primary,GBM,WHO IV,Male,70.0,215.0,1.0,1.0,0.0,Wildtype,,mRNAseq_325,7.063655030800821,1.0,0.0,,"(60.0, 79.0]"
