pid,AGE,OS_MONTHS,event,male
C3L-00104,58,4.238193018480493,1,1.0
C3L-00365,59,10.57905544147844,1,0.0
C3L-00674,45,15.704312114989733,1,1.0
C3L-00677,69,5.092402464065708,1,0.0
C3L-01040,77,19.975359342915812,0,1.0
C3L-01043,59,2.595482546201232,1,1.0
C3L-01045,73,2.1683778234086244,1,0.0
C3L-01046,50,11.46611909650924,1,1.0
C3L-01048,60,26.480492813141684,0,1.0
C3L-01049,46,6.275154004106776,1,1.0
C3L-01061,66,27.59753593429158,0,1.0
C3L-01146,59,16.722792607802873,1,1.0
C3L-01149,48,21.880903490759753,0,1.0
C3L-01154,51,16.295687885010267,1,0.0
C3L-01155,66,11.893223819301848,0,1.0
C3L-01156,57,9.560574948665298,1,1.0
C3L-01157,66,24.11498973305955,0,0.0
C3L-01327,74,21.22381930184805,1,1.0
C3L-01834,68,16.32854209445585,1,0.0
C3L-01887,48,35.318275154004105,0,1.0
C3L-02041,51,21.946611909650922,0,0.0
C3L-02465,50,19.416837782340863,1,1.0
C3L-02504,71,27.039014373716633,0,1.0
C3L-02542,58,5.9137577002053385,1,0.0
C3L-02642,77,27.20328542094456,1,1.0
C3L-02704,54,6.11088295687885,0,1.0
C3L-02705,60,3.646817248459959,1,1.0
C3L-02707,58,2.9897330595482545,0,1.0
C3L-02708,43,24.246406570841888,1,1.0
C3L-02900,52,22.965092402464066,0,1.0
C3L-02955,76,12.41889117043121,1,0.0
C3L-02970,58,12.517453798767967,1,1.0
C3L-02984,34,22.50513347022587,0,1.0
C3L-03260,75,1.4127310061601643,1,0.0
C3L-03266,61,9.232032854209445,1,0.0
C3L-03387,70,13.240246406570842,1,1.0
C3L-03390,44,26.77618069815195,0,0.0
C3L-03392,50,4.829568788501026,1,0.0
C3L-03400,38,25.82340862422998,0,0.0
C3L-03405,59,2.858316221765914,1,1.0
C3L-03407,57,7.819301848049282,1,0.0
C3L-03681,62,0.2299794661190965,1,0.0
C3L-03727,71,23.68788501026694,1,0.0
C3L-03728,80,4.172484599589322,1,0.0
C3L-03744,75,26.414784394250514,0,1.0
C3L-03748,64,13.174537987679672,1,0.0
C3L-03968,60,25.462012320328544,0,0.0
C3L-04084,63,9.00205338809035,1,0.0
C3N-00661,49,36.369609856262834,0,1.0
C3N-00662,77,3.811088295687885,1,0.0
C3N-00663,39,0.03285420944558522,1,1.0
C3N-00665,65,35.219712525667354,0,0.0
C3N-01192,60,21.880903490759753,0,0.0
C3N-01196,67,22.472279260780287,1,1.0
C3N-01334,64,0.2299794661190965,1,0.0
C3N-01364,34,23.655030800821354,0,0.0
C3N-01366,63,0.1971252566735113,1,1.0
C3N-01368,65,8.049281314168377,1,1.0
C3N-01505,74,6.308008213552362,1,1.0
C3N-01515,73,0.6242299794661191,1,0.0
C3N-01517,49,33.609856262833674,0,1.0
C3N-01518,72,26.4476386036961,1,0.0
C3N-01798,44,19.38398357289528,1,1.0
C3N-01814,48,12.583162217659138,0,0.0
C3N-01815,71,3.975359342915811,1,0.0
C3N-01816,53,27.630390143737166,1,0.0
C3N-01818,60,8.870636550308008,1,1.0
C3N-01851,47,11.926078028747433,1,1.0
C3N-01852,59,0.09856262833675565,0,1.0
C3N-01856,66,12.550308008213552,1,1.0
C3N-01857,69,21.388090349075977,1,0.0
C3N-02181,53,12.747433264887064,0,0.0
C3N-02183,63,11.170431211498974,1,0.0
C3N-02185,61,12.681724845995893,0,0.0
C3N-02186,53,8.673511293634498,0,1.0
C3N-02188,59,13.503080082135524,1,1.0
C3N-02190,53,10.217659137577002,1,1.0
C3N-02255,88,8.706365503080082,1,1.0
C3N-02256,65,9.659137577002053,1,1.0
C3N-02769,53,32.72279260780287,0,1.0
C3N-02770,70,25.593429158110883,1,1.0
C3N-02782,47,32.36139630390144,0,0.0
C3N-02783,24,32.09856262833676,0,0.0
C3N-02784,37,12.845995893223819,1,1.0
C3N-02785,69,17.93839835728953,1,1.0
C3N-02786,39,25.232032854209447,0,0.0
C3N-02788,64,27.761806981519506,1,1.0
C3N-03070,65,10.907597535934292,0,0.0
C3N-03088,31,4.6652977412731005,1,0.0
C3N-03180,53,16.788501026694046,1,1.0
C3N-03182,47,25.06776180698152,1,1.0
C3N-03183,53,10.349075975359343,1,1.0
C3N-03184,35,12.813141683778234,0,1.0
C3N-03186,54,21.22381930184805,1,0.0
C3N-03188,54,24.93634496919918,0,1.0
C3N-03473,30,9.757700205338809,1,0.0
