pid,AGE,OS_MONTHS,event,male,mgmt_meth
P-0010578,40,83.7,1,1.0,0.0
P-0003850,53,25.6,1,1.0,0.0
P-0005696,55,11.8,1,1.0,0.0
P-0002836,55,12.8,1,0.0,0.0
P-0005254,57,13.8,1,0.0,0.0
P-0006970,48,13.4,1,1.0,0.0
P-0004209,61,12.5,1,1.0,0.0
P-0004491,73,9.93,1,0.0,0.0
P-0005113,56,14.4,1,1.0,0.0
P-0006786,42,8.05,1,0.0,0.0
P-0010004,44,10.3,1,0.0,0.0
P-0004849,69,19.2,1,1.0,0.0
P-0011010,53,8.48,0,0.0,0.0
TRF053947,64,14.6,1,1.0,0.0
P-0000572,59,5.52,1,1.0,0.0
TRF027871,54,16.4,1,1.0,0.0
P-0008933,83,6.21,1,1.0,0.0
TRF043513,57,7.79,1,1.0,0.0
P-0000759,58,11.6,1,1.0,0.0
P-0008420,62,4.41,1,0.0,0.0
P-0010336,60,4.37,1,1.0,0.0
P-0012902,57,8.68,1,1.0,0.0
P-0010850,52,12.0,1,1.0,0.0
P-0006045,64,21.1,1,0.0,0.0
P-0001728,42,10.0,1,0.0,0.0
P-0001928,27,11.8,1,1.0,0.0
P-0007024,70,13.2,0,0.0,0.0
P-0009711,59,22.9,1,1.0,0.0
P-0009973,53,12.5,0,1.0,0.0
P-0010743,74,70.6,1,1.0,0.0
P-0010060,70,14.3,1,1.0,0.0
P-0005929,74,15.8,1,0.0,0.0
glioma_mskcc_2019_130,38,28.3,1,1.0,0.0
TRF031593,51,18.7,1,1.0,0.0
TRF030626,57,9.8,1,1.0,0.0
P-0003529,66,28.6,1,1.0,0.0
P-0003693,47,13.1,1,1.0,0.0
P-0010570,53,19.3,1,0.0,0.0
P-0000653,62,19.0,1,1.0,0.0
P-0000944,51,64.0,1,0.0,0.0
P-0000906,70,73.6,0,1.0,1.0
P-0013673,60,51.3,0,1.0,1.0
P-0006416,64,22.7,1,1.0,0.0
TRF021125,62,42.2,1,1.0,1.0
P-0000378,55,36.6,1,1.0,1.0
TRF029672,60,57.0,0,1.0,1.0
P-0005051,54,40.8,1,0.0,1.0
TRF044138,55,16.4,0,1.0,1.0
P-0003360,61,42.0,0,1.0,1.0
P-0003068,54,9.8,0,1.0,1.0
P-0001582,77,49.7,0,1.0,1.0
P-0009052,50,20.8,1,1.0,1.0
P-0009449,45,24.7,0,0.0,1.0
P-0005877,60,24.2,0,1.0,0.0
P-0013544,45,61.2,0,1.0,1.0
P-0005361,54,25.4,0,0.0,1.0
P-0002891,53,47.8,0,0.0,1.0
P-0002265,67,30.4,0,1.0,1.0
P-0004837,69,20.0,1,1.0,1.0
P-0007504,49,16.7,1,1.0,1.0
P-0002400,68,26.5,1,0.0,1.0
P-0010483,44,14.0,0,0.0,1.0
P-0006441,56,28.1,1,1.0,1.0
P-0010970,61,18.5,0,1.0,1.0
P-0007314,41,18.9,1,1.0,0.0
P-0001425,49,42.5,0,0.0,1.0
P-0007027,51,19.6,1,1.0,1.0
P-0002936,71,39.2,0,1.0,1.0
P-0010992,60,13.5,0,1.0,1.0
P-0010391,64,16.7,0,0.0,1.0
P-0004627,87,24.8,0,1.0,1.0
P-0006823,61,72.7,0,1.0,1.0
P-0001569,67,67.4,0,0.0,1.0
P-0005874,51,13.8,0,1.0,1.0
P-0005141,56,25.6,0,1.0,1.0
P-0006672,45,15.2,1,1.0,0.0
P-0001238,74,30.9,0,1.0,1.0
P-0002606,62,15.4,1,1.0,1.0
P-0001755,68,4.47,0,1.0,1.0
P-0003170,57,29.7,0,0.0,1.0
P-0004162,52,33.7,0,1.0,1.0
P-0005299,54,23.0,0,1.0,1.0
P-0005128,68,17.5,0,1.0,1.0
P-0005477,44,0.66,0,0.0,1.0
P-0005912,56,26.3,0,1.0,1.0
P-0005603,62,14.5,1,0.0,1.0
P-0008939,77,15.6,1,0.0,0.0
P-0006304,64,22.9,0,0.0,1.0
P-0006182,26,0.79,0,1.0,1.0
P-0009113,61,18.2,0,0.0,1.0
P-0009048,63,18.4,0,0.0,1.0
P-0011544,65,17.0,0,1.0,1.0
P-0012982,69,12.2,0,0.0,1.0
P-0012335,72,15.3,0,0.0,1.0
P-0011460,46,15.0,0,0.0,1.0
P-0012509,54,14.4,0,0.0,1.0
P-0012689,46,11.7,0,0.0,1.0
P-0012077,46,9.24,0,1.0,0.0
P-0012244,73,1.97,0,1.0,1.0
P-0013044,78,3.16,1,0.0,1.0
TRF014754,57,34.8,1,1.0,1.0
P-0002633,47,27.2,1,1.0,1.0
TRF034570,74,14.5,1,1.0,1.0
TRF054303,53,25.4,1,0.0,1.0
P-0008777,60,21.9,1,1.0,1.0
P-0001406,64,22.2,1,0.0,1.0
P-0006363,61,26.1,1,0.0,1.0
P-0003805,67,20.6,1,1.0,1.0
P-0001843,61,39.4,0,0.0,0.0
P-0009634,58,12.1,1,1.0,0.0
P-0003344,73,18.6,1,1.0,1.0
TRF021879,47,11.0,1,0.0,1.0
TRF053946,51,9.9,1,1.0,1.0
P-0003128,55,19.2,1,1.0,1.0
P-0008649,78,5.49,1,1.0,1.0
P-0003020,64,43.5,0,0.0,1.0
P-0001408,54,41.0,0,1.0,1.0
P-0006500,54,58.4,1,1.0,1.0
P-0012770,60,43.9,1,1.0,1.0
P-0000500,42,52.6,1,1.0,1.0
P-0008457,78,17.6,0,1.0,0.0
TRF020252,58,21.7,1,0.0,1.0
TRF043500,70,49.1,1,1.0,1.0
TRF047202,49,36.1,1,1.0,1.0
P-0004400,52,36.0,1,1.0,1.0
TRF043644,53,60.1,1,1.0,1.0
P-0000760,68,59.4,1,1.0,1.0
P-0003636,34,188.0,0,0.0,
P-0012835,55,92.3,1,0.0,
P-0007018,50,82.0,0,1.0,1.0
P-0006879,65,23.2,0,1.0,0.0
TRF048714,53,65.1,0,1.0,
TRF070135,57,34.6,0,1.0,
TRF024470,37,18.0,1,1.0,
TRF042339,74,11.0,0,1.0,
TRF036869,49,11.3,0,1.0,
P-0002194,65,28.4,1,0.0,
P-0001487,51,50.1,0,1.0,
TRF054406,61,7.1,0,0.0,
P-0015669,51,26.6,0,1.0,
P-0000677,47,24.2,1,1.0,
P-0007989,41,7.82,0,1.0,0.0
P-0009587,67,43.5,0,0.0,1.0
P-0001731,27,34.0,0,1.0,0.0
P-0005870,37,21.2,1,1.0,
P-0005701,54,18.8,1,1.0,
P-0002754,52,22.6,1,0.0,0.0
P-0004778,45,23.5,1,1.0,0.0
P-0005615,61,16.4,1,1.0,1.0
P-0004038,83,25.1,0,0.0,
P-0001276,64,32.0,1,1.0,
P-0004119,45,58.6,0,1.0,0.0
P-0011580,66,9.5,1,1.0,0.0
P-0009415,51,5.29,0,1.0,
P-0010911,70,25.5,1,1.0,
P-0011351,73,3.62,0,0.0,
P-0003827,51,70.8,0,0.0,0.0
P-0008656,52,22.1,0,0.0,0.0
P-0006876,61,21.5,1,1.0,0.0
P-0007880,41,20.9,1,1.0,
P-0001326,64,35.0,0,0.0,
P-0005334,58,6.97,1,0.0,
P-0007780,67,8.61,0,1.0,0.0
P-0006846,65,13.5,1,0.0,0.0
TRF102171,55,41.2,1,0.0,
P-0003694,66,31.8,0,0.0,
TRF047623,64,40.9,0,0.0,
TRF050678,69,39.8,0,1.0,1.0
TRF044142,33,0.82,0,1.0,
TRF044571,56,38.8,0,1.0,0.0
P-0000818,33,37.3,0,1.0,0.0
TRF048715,69,0.39,0,1.0,
P-0001281,52,36.5,0,1.0,0.0
TRF051753,53,35.6,0,1.0,
P-0007503,90,20.5,1,1.0,0.0
P-0002396,60,17.7,0,0.0,
P-0002083,54,0.46,0,0.0,
P-0002860,55,19.9,1,1.0,
P-0002539,61,31.3,0,1.0,
P-0003781,57,31.2,0,1.0,
P-0007751,73,26.1,0,1.0,
P-0006022,68,3.29,0,1.0,
P-0010924,61,5.1,0,0.0,0.0
P-0008770,51,0.92,0,1.0,
P-0007104,69,22.8,0,1.0,0.0
P-0011202,47,10.8,0,1.0,0.0
P-0007337,75,7.92,1,0.0,
P-0007693,54,17.5,1,1.0,0.0
P-0009612,80,3.98,0,0.0,
P-0011473,75,19.1,0,1.0,1.0
P-0011080,63,16.4,0,0.0,1.0
P-0009439,51,3.91,0,0.0,
P-0010374,61,13.6,0,0.0,0.0
P-0012646,60,16.0,0,1.0,1.0
P-0011213,23,13.1,1,1.0,
P-0012830,73,11.0,1,1.0,
P-0007756,66,15.4,1,0.0,0.0
TRF011251,53,24.0,1,1.0,
TRF036890,65,21.1,1,0.0,0.0
glioma_mskcc_2019_283,49,17.1,1,1.0,
TRF042199,47,32.0,1,0.0,
TRF044293,42,28.3,1,1.0,
TRF050394,61,24.8,1,1.0,
P-0000841,64,25.7,1,0.0,
TRF045887,64,15.1,1,1.0,
P-0001052,63,27.4,1,0.0,0.0
P-0008306,61,21.8,1,1.0,0.0
TRF040129,61,16.0,1,0.0,
TRF051443,71,11.6,1,0.0,
TRF036780,70,12.8,1,1.0,
TRF030611,41,29.6,1,1.0,0.0
TRF064641,60,8.45,1,0.0,1.0
TRF078041,71,12.0,1,0.0,0.0
P-0003424,76,6.35,1,0.0,
P-0002833,22,14.0,1,1.0,1.0
TRF061165,67,10.2,1,0.0,
TRF056390,50,22.8,1,0.0,
TRF034423,67,12.2,0,1.0,0.0
P-0010713,50,5.56,0,1.0,0.0
TRF077655,42,21.7,1,0.0,
P-0004035,33,11.1,1,0.0,
TRF041606,70,18.2,1,0.0,
P-0006361,68,15.6,1,1.0,
P-0004853,63,12.1,1,0.0,
P-0004510,59,24.5,1,0.0,
P-0004807,65,17.1,1,1.0,
P-0002870,50,15.9,1,0.0,
TRF065229,66,13.2,1,1.0,0.0
P-0004338,55,12.2,1,0.0,
P-0012002,66,7.5,1,0.0,0.0
P-0002647,42,16.3,1,1.0,
P-0010635,60,17.1,1,0.0,0.0
P-0002316,52,28.2,1,1.0,0.0
P-0009436,58,24.7,1,0.0,
P-0008258,56,10.3,1,0.0,
P-0010753,38,19.6,1,0.0,
P-0007991,72,11.8,1,0.0,0.0
TRF021884,64,7.4,1,1.0,
TRF029659,72,12.2,1,1.0,
P-0000960,52,17.0,1,1.0,
P-0010556,50,16.2,0,1.0,0.0
TRF060980,72,13.4,1,1.0,0.0
TRF052688,61,0.82,1,1.0,
TRF077654,55,19.9,1,1.0,0.0
P-0002347,65,6.61,1,0.0,
P-0004245,74,15.5,1,0.0,0.0
P-0005852,75,13.0,1,1.0,
P-0010302,68,17.0,0,1.0,1.0
P-0008677,71,2.2,0,0.0,0.0
P-0005472,62,176.0,0,0.0,
P-0006532,30,38.7,0,0.0,0.0
P-0008166,63,16.6,1,1.0,0.0
P-0007917,55,76.2,1,1.0,1.0
P-0004971,44,26.5,1,1.0,1.0
P-0002862,57,36.8,0,1.0,
P-0001471,20,25.4,0,0.0,1.0
P-0011503,65,39.1,0,0.0,1.0
P-0002138,67,34.7,1,0.0,
P-0003900,63,69.9,1,0.0,1.0
P-0001654,40,21.7,1,0.0,0.0
P-0003350,55,64.3,1,1.0,
P-0008927,48,15.3,1,0.0,0.0
P-0008257,66,10.8,1,1.0,0.0
P-0012654,79,19.7,1,0.0,
P-0010380,74,11.0,1,1.0,0.0
P-0010534,59,19.0,1,1.0,0.0
P-0009451,68,13.5,1,1.0,0.0
P-0011119,65,20.8,1,0.0,0.0
TRF030125,65,18.4,1,0.0,0.0
P-0009320,61,11.3,1,0.0,0.0
P-0008341,73,40.0,0,0.0,0.0
TRF030605,66,50.1,0,0.0,0.0
P-0002376,26,18.5,0,1.0,0.0
TRF079056,28,12.1,0,1.0,
P-0001730,24,33.4,0,0.0,0.0
P-0004857,34,36.0,0,1.0,1.0
P-0009629,28,69.2,1,1.0,1.0
P-0001400,34,31.1,1,0.0,0.0
P-0012681,58,11.2,0,1.0,0.0
P-0006546,29,25.1,0,1.0,1.0
P-0000588,36,91.1,0,0.0,
P-0000651,68,36.4,0,0.0,1.0
P-0001253,42,33.1,0,0.0,1.0
P-0004242,42,29.7,0,0.0,
P-0009216,24,13.2,0,1.0,0.0
TRF034433,46,47.0,1,1.0,1.0
P-0000611,32,19.5,1,1.0,
P-0004298,20,53.9,1,1.0,
TRF042358,51,20.3,1,1.0,1.0
P-0012360,62,14.7,0,0.0,0.0
P-0013676,26,117.0,0,1.0,0.0
P-0012522,62,13.7,1,0.0,0.0
P-0011199,73,12.3,1,0.0,0.0
P-0002022,50,1.84,0,1.0,0.0
TRF033243,53,6.9,1,0.0,
TRF068126,65,26.5,1,0.0,0.0
P-0003853,58,31.2,0,1.0,0.0
TRF024471,51,14.6,0,1.0,0.0
P-0005539,50,25.2,0,0.0,0.0
P-0006054,59,21.3,0,1.0,0.0
P-0006404,66,20.4,1,0.0,0.0
P-0008262,66,9.93,0,1.0,0.0
P-0007835,57,14.7,1,1.0,0.0
P-0007551,56,1.45,0,1.0,0.0
P-0007844,88,6.12,0,1.0,0.0
P-0009201,59,15.2,0,1.0,0.0
P-0009119,66,3.88,0,1.0,0.0
P-0009790,69,10.8,0,1.0,0.0
P-0002015,43,32.1,1,0.0,0.0
P-0009304,77,1.22,0,0.0,0.0
P-0010864,60,5.56,0,1.0,0.0
P-0009475,64,5.29,0,1.0,0.0
P-0010358,55,13.5,1,0.0,0.0
P-0011401,53,15.4,0,0.0,0.0
P-0011219,67,13.9,1,1.0,0.0
P-0010802,69,7.53,0,1.0,0.0
P-0011332,69,14.3,0,1.0,0.0
P-0012250,70,5.59,0,1.0,0.0
P-0012412,32,4.8,0,1.0,0.0
P-0012156,40,40.1,0,1.0,0.0
P-0012637,61,12.7,0,1.0,0.0
P-0012687,80,11.1,1,1.0,0.0
P-0012967,78,6.71,1,1.0,0.0
P-0013074,54,12.4,0,1.0,0.0
P-0013783,33,14.8,0,1.0,
P-0012727,79,10.4,1,1.0,0.0
P-0013602,27,1.48,0,1.0,0.0
P-0014152,35,6.18,0,1.0,1.0
P-0012717,63,12.4,0,1.0,0.0
P-0015289,22,8.52,0,1.0,0.0
P-0016166,68,6.25,0,1.0,1.0
P-0012904,68,2.7,0,1.0,0.0
P-0018911,35,0.92,0,0.0,
P-0013204,63,12.3,0,1.0,0.0
P-0019595,30,5.06,0,1.0,
P-0019484,46,4.6,0,1.0,
P-0017460,56,5.36,0,0.0,0.0
P-0014059,62,12.3,0,1.0,1.0
P-0015571,56,75.5,0,0.0,
P-0016048,21,43.6,0,0.0,0.0
P-0015573,54,59.9,0,1.0,1.0
TRF050776,56,54.4,1,0.0,0.0
P-0018544,66,40.2,0,1.0,0.0
P-0013852,69,0.26,0,1.0,1.0
P-0013938,53,30.0,1,1.0,
P-0019244,48,1.97,0,0.0,0.0
P-0013506,55,30.4,0,0.0,0.0
P-0015603,62,22.6,0,1.0,
P-0015919,57,10.5,0,1.0,
P-0017183,44,0.69,0,0.0,0.0
P-0013347,54,15.3,1,1.0,0.0
P-0016238,55,17.0,0,1.0,0.0
TRF022209,55,11.0,1,0.0,0.0
P-0015455,56,3.25,0,0.0,0.0
P-0014006,63,13.0,0,1.0,0.0
P-0015860,64,2.2,0,1.0,0.0
P-0015156,35,33.4,0,1.0,0.0
P-0015367,65,6.9,0,1.0,0.0
P-0015024,74,7.53,0,1.0,
P-0018801,39,11.0,0,1.0,1.0
P-0013005,62,0.82,0,0.0,0.0
P-0013579,88,10.1,1,1.0,0.0
P-0013580,46,12.3,0,0.0,1.0
P-0003783,54,25.3,1,1.0,0.0
P-0002585,60,22.9,1,1.0,0.0
P-0013576,51,3.09,0,0.0,
P-0015369,62,2.14,0,1.0,0.0
P-0013529,30,4.41,0,1.0,0.0
P-0013380,58,12.1,0,1.0,0.0
P-0013578,51,0.95,0,1.0,1.0
P-0015377,77,4.6,0,0.0,0.0
P-0015346,44,8.94,0,0.0,0.0
P-0014033,74,10.6,0,1.0,
P-0018793,57,20.5,0,0.0,0.0
P-0013770,80,0.2,0,1.0,0.0
TRF061174,62,16.6,1,1.0,0.0
P-0013595,54,0.36,0,1.0,0.0
P-0013926,30,10.6,0,1.0,0.0
P-0016945,57,18.2,0,0.0,1.0
P-0014318,81,4.34,1,1.0,0.0
P-0014164,52,7.53,1,1.0,1.0
P-0014180,75,10.4,0,1.0,0.0
P-0014220,63,11.9,0,1.0,0.0
P-0017103,66,10.5,1,1.0,0.0
P-0014071,66,7.0,1,1.0,0.0
P-0015449,79,6.77,0,0.0,1.0
P-0000822,59,24.3,1,1.0,0.0
P-0014031,78,0.49,0,0.0,
P-0014099,77,6.97,1,0.0,0.0
P-0016395,64,11.2,1,0.0,0.0
P-0016209,60,11.0,0,1.0,1.0
P-0014186,53,10.6,0,0.0,0.0
P-0014501,47,38.3,0,1.0,0.0
P-0014677,50,11.2,0,1.0,0.0
P-0014760,69,8.12,0,0.0,1.0
P-0014759,56,0.2,0,1.0,1.0
P-0017291,61,1.05,0,0.0,0.0
P-0001388,77,24.8,1,1.0,0.0
P-0016823,59,3.78,0,1.0,0.0
P-0019147,71,9.67,0,1.0,0.0
P-0015297,58,2.89,0,1.0,0.0
P-0016228,47,15.9,0,0.0,0.0
P-0015540,59,3.48,0,1.0,0.0
P-0014881,67,0.69,0,1.0,1.0
P-0015194,64,8.68,0,0.0,0.0
P-0015071,62,7.4,0,1.0,1.0
P-0016256,54,11.6,1,1.0,
P-0015216,71,14.6,0,0.0,1.0
TRF030609,57,10.2,1,1.0,0.0
P-0017095,39,84.7,0,1.0,0.0
P-0019375,56,7.56,0,0.0,0.0
P-0015393,48,21.9,0,1.0,0.0
P-0015423,39,3.55,0,1.0,1.0
P-0015290,60,0.82,0,1.0,
P-0015424,68,2.99,1,1.0,0.0
P-0016416,59,7.46,0,1.0,0.0
P-0015584,70,4.37,1,0.0,1.0
P-0015684,73,8.05,0,1.0,0.0
P-0016142,63,8.28,0,0.0,1.0
TRF022879,71,29.0,1,0.0,0.0
P-0018295,52,8.05,0,1.0,0.0
P-0016352,66,8.02,0,0.0,1.0
P-0016691,53,7.69,0,1.0,0.0
P-0016684,69,4.01,1,0.0,0.0
P-0017289,72,5.19,0,1.0,1.0
P-0018168,43,10.3,0,1.0,0.0
P-0016572,50,2.01,1,0.0,0.0
P-0017286,55,8.38,0,1.0,0.0
P-0019603,70,7.56,0,0.0,1.0
P-0016793,78,1.18,1,1.0,0.0
TRF036750,68,23.6,1,1.0,0.0
P-0017789,38,3.65,0,1.0,0.0
P-0017056,58,10.4,0,0.0,0.0
P-0017675,32,12.0,0,1.0,0.0
P-0017482,71,6.02,0,0.0,0.0
P-0019447,82,5.33,1,1.0,0.0
P-0017507,64,5.75,0,1.0,0.0
P-0017821,67,5.39,1,1.0,0.0
P-0017856,87,1.61,0,1.0,1.0
P-0019596,51,6.94,0,1.0,0.0
P-0017864,77,0.53,0,1.0,1.0
P-0001819,67,12.4,1,1.0,0.0
P-0018449,59,17.2,1,1.0,
P-0017863,53,5.26,0,0.0,
P-0019245,59,3.35,0,1.0,
P-0019056,41,5.36,0,1.0,0.0
P-0018020,77,3.75,0,1.0,0.0
P-0018344,68,4.73,0,0.0,0.0
P-0018445,57,1.12,0,0.0,
P-0018836,49,0.89,0,0.0,1.0
P-0018054,52,7.79,0,0.0,0.0
P-0018220,60,1.38,0,1.0,0.0
P-0003600,54,21.0,1,1.0,0.0
P-0018276,53,0.26,0,1.0,1.0
P-0019503,74,3.06,0,1.0,0.0
P-0018678,74,4.54,0,0.0,0.0
P-0018343,44,5.42,0,0.0,0.0
P-0018572,55,3.45,0,1.0,
P-0018851,41,7.63,0,1.0,0.0
P-0019280,47,4.64,0,0.0,0.0
P-0018884,74,5.82,0,1.0,
P-0018674,45,12.4,0,0.0,0.0
P-0019169,67,3.32,0,1.0,0.0
TRF059651,65,12.5,1,1.0,0.0
P-0019260,54,3.25,0,1.0,0.0
P-0018951,48,0.66,0,0.0,0.0
P-0019173,72,3.12,0,1.0,0.0
P-0019164,62,0.53,0,1.0,
P-0019341,50,1.08,0,0.0,0.0
P-0019261,54,3.32,0,0.0,0.0
P-0019643,65,4.37,0,1.0,
P-0019556,62,2.66,0,0.0,0.0
P-0012312,63,17.6,0,0.0,0.0
P-0003567,49,18.2,1,1.0,0.0
P-0000758,50,45.4,1,1.0,0.0
P-0018899,27,7.04,0,1.0,
P-0006545,22,32.0,1,1.0,0.0
P-0013711,52,9.86,1,1.0,0.0
P-0003456,44,19.3,1,0.0,0.0
P-0003079,76,4.11,1,1.0,0.0
TRF056398,66,9.57,1,1.0,0.0
P-0002452,56,11.9,1,0.0,0.0
P-0004609,71,12.4,1,1.0,0.0
P-0004771,45,15.1,1,0.0,0.0
P-0006410,28,22.8,1,1.0,0.0
