pid,AGE,OS_MONTHS,event,male,kps10,mgmt_meth,idh_mut
CGGA_1017,29.0,25.232,1.0,0.0,,0.0,0.0
CGGA_1036,41.0,26.48,1.0,1.0,,1.0,0.0
CGGA_1041,58.0,118.045,0.0,1.0,,0.0,0.0
CGGA_1075,72.0,13.076,1.0,1.0,,0.0,0.0
CGGA_1086,65.0,64.953,1.0,0.0,,1.0,0.0
CGGA_1103,35.0,19.22,1.0,0.0,,1.0,1.0
CGGA_1106,37.0,13.799,1.0,1.0,,1.0,0.0
CGGA_1134,56.0,1.938,1.0,0.0,,1.0,0.0
CGGA_1135,40.0,40.871,1.0,1.0,,0.0,0.0
CGGA_1138,54.0,13.503,1.0,1.0,,0.0,0.0
CGGA_1142,60.0,33.018,1.0,1.0,,0.0,0.0
CGGA_1172,36.0,102.867,0.0,0.0,,1.0,1.0
CGGA_1236,47.0,6.275,1.0,0.0,,1.0,0.0
CGGA_1256,52.0,84.008,0.0,0.0,,1.0,
CGGA_1282,33.0,36.665,1.0,0.0,,0.0,0.0
CGGA_1326,45.0,10.579,1.0,1.0,,0.0,1.0
CGGA_1353,65.0,33.577,1.0,1.0,,0.0,0.0
CGGA_1354,40.0,17.413,1.0,0.0,,1.0,0.0
CGGA_1365,55.0,8.312,1.0,1.0,,1.0,0.0
CGGA_1371,68.0,91.696,0.0,1.0,,1.0,0.0
CGGA_1378,47.0,12.419,1.0,1.0,,0.0,0.0
CGGA_1380,46.0,9.561,1.0,1.0,,1.0,0.0
CGGA_1382,57.0,9.331,1.0,1.0,,1.0,0.0
CGGA_139,59.0,22.801,1.0,1.0,,0.0,1.0
CGGA_1391,62.0,13.996,0.0,1.0,,0.0,0.0
CGGA_1392,62.0,15.54,1.0,1.0,,0.0,0.0
CGGA_1402,30.0,90.086,0.0,1.0,,1.0,0.0
CGGA_1403,43.0,22.308,1.0,0.0,,1.0,0.0
CGGA_1410,27.0,27.105,1.0,0.0,,1.0,0.0
CGGA_1418,73.0,9.429,1.0,0.0,,0.0,0.0
CGGA_1420,60.0,11.959,1.0,1.0,,1.0,0.0
CGGA_1422,76.0,6.702,1.0,1.0,,0.0,0.0
CGGA_1425,22.0,21.027,1.0,0.0,,1.0,0.0
CGGA_1426,50.0,4.37,1.0,0.0,,0.0,0.0
CGGA_1433,72.0,12.945,1.0,0.0,,0.0,0.0
CGGA_1441,70.0,61.832,1.0,1.0,,1.0,0.0
CGGA_1444,68.0,12.419,1.0,0.0,,1.0,0.0
CGGA_1451,45.0,14.39,1.0,0.0,,0.0,0.0
CGGA_1452,53.0,15.376,1.0,1.0,,1.0,0.0
CGGA_1457,60.0,10.251,1.0,1.0,,1.0,0.0
CGGA_1461,60.0,7.425,1.0,0.0,,0.0,0.0
CGGA_1462,49.0,5.717,1.0,1.0,,1.0,0.0
CGGA_1467,58.0,28.452,1.0,1.0,,0.0,1.0
CGGA_1472,34.0,33.676,1.0,1.0,,1.0,
CGGA_1476,53.0,9.823,1.0,0.0,,1.0,0.0
CGGA_1478,72.0,17.807,1.0,0.0,,1.0,0.0
CGGA_1481,55.0,4.304,1.0,1.0,,1.0,0.0
CGGA_1486,45.0,6.045,1.0,1.0,,1.0,0.0
CGGA_1491,29.0,8.082,1.0,1.0,,0.0,1.0
CGGA_1494,21.0,8.838,1.0,1.0,,1.0,0.0
CGGA_1500,45.0,3.548,1.0,0.0,,0.0,0.0
CGGA_1501,58.0,7.294,1.0,1.0,,1.0,
CGGA_1503,47.0,25.528,1.0,1.0,,0.0,0.0
CGGA_1521,63.0,6.735,1.0,0.0,,1.0,0.0
CGGA_1529,63.0,19.154,1.0,1.0,,0.0,0.0
CGGA_1534,58.0,0.887,1.0,0.0,,0.0,1.0
CGGA_1537,73.0,3.187,1.0,1.0,,1.0,0.0
CGGA_1539,61.0,80.887,0.0,1.0,,1.0,1.0
CGGA_1542,26.0,6.045,0.0,1.0,,0.0,1.0
CGGA_1543,57.0,23.754,1.0,1.0,,0.0,1.0
CGGA_1546,56.0,7.326,1.0,1.0,,0.0,0.0
CGGA_1548,53.0,34.628,1.0,1.0,,0.0,0.0
CGGA_1551,50.0,11.4,1.0,0.0,,0.0,
CGGA_1559,63.0,19.811,1.0,1.0,,1.0,1.0
CGGA_1560,35.0,15.08,1.0,0.0,,1.0,1.0
CGGA_1564,48.0,6.242,1.0,1.0,,0.0,0.0
CGGA_1571,43.0,13.536,0.0,0.0,,1.0,1.0
CGGA_1586,55.0,7.622,1.0,0.0,,0.0,0.0
CGGA_1595,34.0,77.634,0.0,0.0,,0.0,
CGGA_1596,63.0,6.735,1.0,1.0,,1.0,0.0
CGGA_1597,58.0,5.717,1.0,1.0,,1.0,0.0
CGGA_1601,66.0,23.326,1.0,1.0,,1.0,0.0
CGGA_1612,68.0,23.589,1.0,1.0,,0.0,0.0
CGGA_1613,53.0,8.214,0.0,1.0,,1.0,0.0
CGGA_1626,66.0,22.867,1.0,1.0,,0.0,0.0
CGGA_1634,26.0,12.025,1.0,0.0,,1.0,0.0
CGGA_1635,43.0,10.908,1.0,0.0,,0.0,0.0
CGGA_1644,48.0,5.684,1.0,1.0,,1.0,0.0
CGGA_1650,36.0,42.152,1.0,1.0,,1.0,1.0
CGGA_1666,60.0,8.181,1.0,1.0,,1.0,0.0
CGGA_1678,51.0,21.585,1.0,1.0,,1.0,0.0
CGGA_1681,58.0,11.368,1.0,0.0,,1.0,0.0
CGGA_1687,14.0,69.585,0.0,1.0,,0.0,0.0
CGGA_1690,60.0,19.45,1.0,1.0,,0.0,0.0
CGGA_1694,55.0,20.501,1.0,1.0,,0.0,0.0
CGGA_1698,55.0,12.747,1.0,0.0,,1.0,0.0
CGGA_1699,41.0,68.6,0.0,0.0,,0.0,1.0
CGGA_1706,60.0,67.943,0.0,1.0,,,0.0
CGGA_1708,54.0,36.862,1.0,0.0,,1.0,0.0
CGGA_1709,47.0,13.634,1.0,1.0,,0.0,0.0
CGGA_1713,62.0,10.908,1.0,1.0,,1.0,0.0
CGGA_1722,60.0,11.466,1.0,0.0,,0.0,0.0
CGGA_1727,48.0,65.051,0.0,1.0,,0.0,1.0
CGGA_1728,45.0,30.127,1.0,1.0,,0.0,1.0
CGGA_1735,54.0,26.71,1.0,1.0,,0.0,0.0
CGGA_1736,57.0,30.817,1.0,0.0,,0.0,0.0
CGGA_1740,50.0,11.926,1.0,0.0,,1.0,0.0
CGGA_1744,51.0,63.606,0.0,1.0,,1.0,
CGGA_1749,44.0,13.175,1.0,0.0,,0.0,0.0
CGGA_1750,52.0,8.214,1.0,0.0,,1.0,0.0
CGGA_1758,45.0,13.602,1.0,0.0,,1.0,0.0
CGGA_1764,33.0,23.326,1.0,1.0,,0.0,1.0
CGGA_1767,63.0,2.825,1.0,1.0,,1.0,0.0
CGGA_1769,49.0,60.912,0.0,0.0,,1.0,0.0
CGGA_1780,57.0,59.992,0.0,0.0,,,0.0
CGGA_1807,65.0,8.115,1.0,0.0,,1.0,0.0
CGGA_1812,65.0,25.626,1.0,1.0,,0.0,0.0
CGGA_1817,72.0,13.109,1.0,0.0,,1.0,0.0
CGGA_1819,55.0,33.018,1.0,1.0,,1.0,0.0
CGGA_1826,70.0,1.446,1.0,0.0,,1.0,0.0
CGGA_1833,60.0,16.23,1.0,0.0,,1.0,0.0
CGGA_1840,58.0,38.735,0.0,0.0,,1.0,0.0
CGGA_1866,68.0,4.172,1.0,1.0,,0.0,0.0
CGGA_1870,62.0,51.121,0.0,1.0,,0.0,1.0
CGGA_1901,60.0,17.741,1.0,1.0,,1.0,0.0
CGGA_509,38.0,20.468,1.0,1.0,,0.0,0.0
CGGA_831,55.0,17.938,1.0,0.0,,0.0,0.0
CGGA_P100,67.0,8.805,1.0,1.0,,,0.0
CGGA_P102,30.0,41.692,1.0,1.0,,,1.0
CGGA_P112,65.0,27.4,1.0,1.0,,,0.0
CGGA_P116,58.0,10.021,1.0,1.0,,,0.0
CGGA_P136,41.0,27.663,1.0,0.0,,,0.0
CGGA_P143,66.0,8.575,1.0,0.0,,,0.0
CGGA_P15,49.0,23.754,1.0,1.0,,,
CGGA_P160,72.0,7.195,1.0,0.0,,,0.0
CGGA_P164,27.0,51.023,0.0,1.0,,,0.0
CGGA_P178,52.0,47.376,0.0,0.0,,1.0,0.0
CGGA_P180,47.0,8.542,1.0,1.0,,,1.0
CGGA_P205,66.0,19.154,1.0,1.0,,,0.0
CGGA_P22,62.0,13.339,1.0,1.0,,,0.0
CGGA_P25,64.0,4.83,1.0,1.0,,,0.0
CGGA_P28,61.0,3.515,1.0,1.0,,,0.0
CGGA_P609,19.0,23.852,0.0,0.0,,0.0,0.0
CGGA_1001,11.0,125.405,0.0,1.0,,0.0,0.0
CGGA_1007,57.0,11.335,1.0,0.0,,0.0,0.0
CGGA_1011,46.0,3.581,1.0,0.0,,0.0,0.0
CGGA_1015,62.0,5.388,1.0,1.0,,0.0,0.0
CGGA_1023,56.0,22.374,1.0,0.0,,0.0,0.0
CGGA_1024,64.0,100.994,1.0,1.0,,1.0,0.0
CGGA_1026,57.0,51.581,1.0,1.0,,1.0,0.0
CGGA_1035,60.0,18.628,1.0,0.0,,1.0,0.0
CGGA_1039,40.0,23.885,1.0,1.0,,1.0,0.0
CGGA_1045,79.0,11.433,1.0,1.0,,0.0,0.0
CGGA_1049,58.0,26.579,1.0,1.0,,0.0,0.0
CGGA_1072,26.0,35.811,1.0,1.0,,0.0,0.0
CGGA_1077,47.0,19.417,1.0,1.0,,0.0,0.0
CGGA_1083,59.0,14.784,1.0,1.0,,0.0,0.0
CGGA_1091,51.0,36.665,1.0,0.0,,1.0,0.0
CGGA_1109,42.0,44.287,1.0,1.0,,0.0,0.0
CGGA_1124,47.0,15.901,1.0,1.0,,0.0,0.0
CGGA_1139,53.0,39.294,1.0,0.0,,1.0,0.0
CGGA_1171,40.0,13.536,1.0,1.0,,1.0,0.0
CGGA_1180,48.0,40.279,0.0,0.0,,0.0,0.0
CGGA_1214,49.0,19.844,1.0,0.0,,1.0,0.0
CGGA_1216,44.0,10.251,1.0,1.0,,1.0,0.0
CGGA_1224,57.0,8.903,1.0,1.0,,0.0,0.0
CGGA_1234,32.0,23.162,1.0,1.0,,0.0,0.0
CGGA_1237,62.0,9.725,1.0,1.0,,0.0,0.0
CGGA_1240,33.0,0.624,1.0,1.0,,0.0,0.0
CGGA_1251,42.0,8.936,1.0,0.0,,0.0,0.0
CGGA_1258,42.0,3.745,1.0,1.0,,0.0,0.0
CGGA_1270,60.0,6.177,1.0,0.0,,0.0,0.0
CGGA_1299,54.0,18.07,1.0,1.0,,0.0,0.0
CGGA_1313,42.0,12.452,1.0,1.0,,0.0,0.0
CGGA_1320,19.0,1.938,1.0,1.0,,0.0,0.0
CGGA_1332,55.0,16.756,0.0,0.0,,1.0,0.0
CGGA_1338,61.0,36.862,1.0,0.0,,1.0,0.0
CGGA_1342,47.0,6.111,1.0,1.0,,0.0,0.0
CGGA_274,55.0,20.041,0.0,0.0,,0.0,0.0
CGGA_413,54.0,6.012,0.0,1.0,,0.0,0.0
CGGA_483,59.0,9.101,1.0,0.0,,0.0,0.0
CGGA_494,58.0,145.708,0.0,0.0,,1.0,0.0
CGGA_499,51.0,4.008,1.0,1.0,,1.0,0.0
CGGA_525,61.0,4.534,1.0,1.0,,1.0,0.0
CGGA_604,46.0,12.517,1.0,1.0,,1.0,0.0
CGGA_658,55.0,12.222,1.0,1.0,,1.0,0.0
CGGA_676,60.0,12.353,1.0,1.0,,0.0,0.0
CGGA_679,63.0,8.641,1.0,0.0,,1.0,0.0
CGGA_680,44.0,77.963,1.0,1.0,,0.0,0.0
CGGA_700,24.0,5.585,0.0,0.0,,1.0,1.0
CGGA_731,50.0,16.526,1.0,1.0,,0.0,0.0
CGGA_782,60.0,9.495,1.0,1.0,,0.0,0.0
CGGA_789,50.0,11.335,1.0,1.0,,0.0,0.0
CGGA_802,42.0,22.374,1.0,1.0,,0.0,0.0
CGGA_804,53.0,20.172,0.0,0.0,,1.0,0.0
CGGA_808,38.0,38.341,0.0,1.0,,0.0,0.0
CGGA_837,57.0,14.193,1.0,1.0,,1.0,0.0
CGGA_842,63.0,6.702,1.0,0.0,,0.0,0.0
CGGA_848,54.0,7.852,0.0,0.0,,0.0,0.0
CGGA_850,52.0,18.53,0.0,0.0,,0.0,0.0
CGGA_859,56.0,12.715,1.0,1.0,,0.0,0.0
CGGA_876,60.0,5.224,1.0,0.0,,0.0,0.0
CGGA_878,42.0,28.353,1.0,1.0,,0.0,0.0
CGGA_902,54.0,6.341,1.0,1.0,,0.0,0.0
CGGA_D03,44.0,13.897,1.0,1.0,,1.0,0.0
CGGA_D09,57.0,7.655,1.0,1.0,,0.0,0.0
CGGA_D35,68.0,21.717,1.0,0.0,,1.0,0.0
CGGA_D37,55.0,31.704,1.0,1.0,,0.0,0.0
CGGA_D57,40.0,25.166,1.0,1.0,,,0.0
CGGA_342,49.0,16.427,1.0,0.0,,1.0,0.0
CGGA_1219,57.0,69.651,1.0,0.0,,1.0,1.0
CGGA_1287,29.0,17.511,1.0,1.0,,0.0,1.0
CGGA_1314,27.0,5.651,1.0,0.0,,1.0,1.0
CGGA_1384,39.0,6.275,1.0,0.0,,1.0,1.0
CGGA_1409,24.0,89.593,0.0,0.0,,0.0,1.0
CGGA_491,36.0,35.285,1.0,0.0,,1.0,1.0
CGGA_710,41.0,21.684,1.0,1.0,,1.0,1.0
CGGA_747,29.0,31.869,1.0,1.0,,1.0,1.0
CGGA_761,45.0,60.452,1.0,1.0,,1.0,1.0
CGGA_1008,54.0,10.349,1.0,0.0,,0.0,0.0
CGGA_1053,63.0,12.156,1.0,0.0,,0.0,0.0
CGGA_1070,37.0,10.94,1.0,1.0,,0.0,0.0
CGGA_1073,42.0,8.871,1.0,0.0,,0.0,0.0
CGGA_1074,50.0,2.825,1.0,1.0,,1.0,0.0
CGGA_1114,53.0,15.113,1.0,1.0,,0.0,0.0
CGGA_1275,70.0,6.012,1.0,1.0,,0.0,0.0
CGGA_759,30.0,41.495,1.0,1.0,,1.0,1.0
CGGA_D30,70.0,7.064,1.0,1.0,,,0.0
