Patient,Age at Dx,Sex,Survival (days),Status,IDH1,MGMT promoter
P000,80,male,29.0,alive,,NA
P001,60,F,276.0,dead,wt,unmethylated
P002,64,female,10.0,dead,wt,methylated
P003,77,female,93.0,dead,wt,methylated
P004,57,male,224.0,alive,,NA
P005,70,male,248.0,dead,mut,unmethylated
P006,73,F,22.0,alive,mut,NA
P007,35,male,9.0,dead,mut,unmethylated
P008,25,M,140.0,alive,wt,unmethylated
P009,40,male,238.0,dead,wt,methylated
P010,39,female,348.0,dead,wt,unmethylated
P011,76,female,1005.0,dead,wt,unmethylated
P012,78,F,433.0,dead,mut,NA
P013,22,F,2214.0,alive,wt,methylated
P014,52,male,1163.0,dead,wt,methylated
P015,72,F,726.0,alive,wt,unmethylated
P016,30,male,185.0,dead,mut,NA
P017,71,M,115.0,dead,wt,NA
P018,29,M,314.0,dead,,unmethylated
P019,51,M,787.0,dead,wt,unmethylated
P020,72,F,450.0,dead,wt,methylated
P021,40,M,121.0,dead,wt,unmethylated
P022,43,F,126.0,alive,wt,unmethylated
P023,39,female,1044.0,dead,wt,unmethylated
P024,66,female,7.0,alive,wt,methylated
P025,37,female,102.0,dead,mut,methylated
P026,83,male,232.0,dead,wt,NA
P027,49,M,433.0,alive,,methylated
P028,51,male,1033.0,alive,wt,methylated
P029,53,male,456.0,dead,mut,methylated
P030,58,female,25.0,alive,wt,NA
P031,56,F,451.0,dead,wt,unmethylated
P032,53,M,605.0,dead,wt,unmethylated
P033,83,male,38.0,dead,wt,methylated
P034,72,F,918.0,dead,wt,unmethylated
P035,71,male,256.0,alive,wt,NA
P036,65,F,290.0,alive,wt,NA
P037,60,F,14.0,dead,wt,unmethylated
P038,43,M,324.0,alive,wt,NA
P039,83,female,282.0,dead,wt,methylated
P040,50,female,751.0,dead,wt,methylated
P041,35,F,626.0,dead,wt,methylated
P042,74,M,473.0,dead,wt,methylated
P043,31,male,1138.0,alive,wt,NA
P044,75,F,219.0,dead,wt,NA
P045,59,male,190.0,dead,mut,methylated
P046,29,M,1721.0,alive,wt,unmethylated
P047,24,M,1025.0,dead,wt,methylated
P048,49,male,546.0,dead,wt,NA
P049,24,M,170.0,dead,wt,methylated
P050,30,male,313.0,dead,wt,unmethylated
P051,53,F,380.0,alive,wt,methylated
P052,82,M,199.0,dead,wt,NA
P053,50,female,17.0,dead,wt,NA
P054,72,male,488.0,dead,wt,NA
P055,78,female,151.0,dead,mut,methylated
P056,73,female,168.0,alive,wt,NA
P057,61,male,429.0,dead,wt,methylated
P058,49,female,526.0,alive,wt,NA
P059,53,M,280.0,dead,,NA
